match_id,season,date,venue,city,team1,team2,toss_winner,toss_decision,winner,winner_runs,winner_wickets,player_of_match,season_year,toss_winner_won_match
1082591,2017,2017-04-05,"Rajiv Gandhi International Stadium, Uppal",Hyderabad,Sunrisers Hyderabad,Royal Challengers Bangalore,Royal Challengers Bangalore,field,Sunrisers Hyderabad,35.0,,Yuvraj Singh,2017,0
1082592,2017,2017-04-06,Maharashtra Cricket Association Stadium,Pune,Rising Pune Supergiant,Mumbai Indians,Rising Pune Supergiant,field,Rising Pune Supergiant,,7.0,SPD Smith,2017,1
1082593,2017,2017-04-07,Saurashtra Cricket Association Stadium,Rajkot,Gujarat Lions,Kolkata Knight Riders,Kolkata Knight Riders,field,Kolkata Knight Riders,,10.0,CA Lynn,2017,1
1082594,2017,2017-04-08,Holkar Cricket Stadium,Indore,Kings XI Punjab,Rising Pune Supergiant,Kings XI Punjab,field,Kings XI Punjab,,6.0,GJ Maxwell,2017,1
1082595,2017,2017-04-08,M.Chinnaswamy Stadium,Bengaluru,Royal Challengers Bangalore,Delhi Daredevils,Royal Challengers Bangalore,bat,Royal Challengers Bangalore,15.0,,KM Jadhav,2017,1
1082596,2017,2017-04-09,"Rajiv Gandhi International Stadium, Uppal",Hyderabad,Sunrisers Hyderabad,Gujarat Lions,Sunrisers Hyderabad,field,Sunrisers Hyderabad,,9.0,Rashid Khan,2017,1
1082597,2017,2017-04-09,Wankhede Stadium,Mumbai,Mumbai Indians,Kolkata Knight Riders,Mumbai Indians,field,Mumbai Indians,,4.0,N Rana,2017,1
1082598,2017,2017-04-10,Holkar Cricket Stadium,Indore,Kings XI Punjab,Royal Challengers Bangalore,Royal Challengers Bangalore,bat,Kings XI Punjab,,8.0,AR Patel,2017,0
1082599,2017,2017-04-11,Maharashtra Cricket Association Stadium,Pune,Rising Pune Supergiant,Delhi Daredevils,Rising Pune Supergiant,field,Delhi Daredevils,97.0,,SV Samson,2017,0
1082600,2017,2017-04-12,Wankhede Stadium,Mumbai,Mumbai Indians,Sunrisers Hyderabad,Mumbai Indians,field,Mumbai Indians,,4.0,JJ Bumrah,2017,1
1082601,2017,2017-04-13,Eden Gardens,Kolkata,Kolkata Knight Riders,Kings XI Punjab,Kolkata Knight Riders,field,Kolkata Knight Riders,,8.0,SP Narine,2017,1
1082602,2017,2017-04-14,M Chinnaswamy Stadium,Bangalore,Royal Challengers Bangalore,Mumbai Indians,Mumbai Indians,field,Mumbai Indians,,4.0,KA Pollard,2017,1
1082603,2017,2017-04-14,Saurashtra Cricket Association Stadium,Rajkot,Gujarat Lions,Rising Pune Supergiant,Gujarat Lions,field,Gujarat Lions,,7.0,AJ Tye,2017,1
1082604,2017,2017-04-15,Eden Gardens,Kolkata,Kolkata Knight Riders,Sunrisers Hyderabad,Sunrisers Hyderabad,field,Kolkata Knight Riders,17.0,,RV Uthappa,2017,0
1082605,2017,2017-04-15,Feroz Shah Kotla,Delhi,Delhi Daredevils,Kings XI Punjab,Delhi Daredevils,bat,Delhi Daredevils,51.0,,CJ Anderson,2017,1
1082606,2017,2017-04-16,Wankhede Stadium,Mumbai,Mumbai Indians,Gujarat Lions,Mumbai Indians,field,Mumbai Indians,,6.0,N Rana,2017,1
1082607,2017,2017-04-16,M Chinnaswamy Stadium,Bangalore,Royal Challengers Bangalore,Rising Pune Supergiant,Royal Challengers Bangalore,field,Rising Pune Supergiant,27.0,,BA Stokes,2017,0
1082608,2017,2017-04-17,Feroz Shah Kotla,Delhi,Delhi Daredevils,Kolkata Knight Riders,Delhi Daredevils,bat,Kolkata Knight Riders,,4.0,NM Coulter-Nile,2017,0
1082609,2017,2017-04-17,"Rajiv Gandhi International Stadium, Uppal",Hyderabad,Sunrisers Hyderabad,Kings XI Punjab,Kings XI Punjab,field,Sunrisers Hyderabad,5.0,,B Kumar,2017,0
1082610,2017,2017-04-18,Saurashtra Cricket Association Stadium,Rajkot,Gujarat Lions,Royal Challengers Bangalore,Gujarat Lions,field,Royal Challengers Bangalore,21.0,,CH Gayle,2017,0
1082611,2017,2017-04-19,"Rajiv Gandhi International Stadium, Uppal",Hyderabad,Sunrisers Hyderabad,Delhi Daredevils,Sunrisers Hyderabad,bat,Sunrisers Hyderabad,15.0,,KS Williamson,2017,1
1082612,2017,2017-04-20,Holkar Cricket Stadium,Indore,Kings XI Punjab,Mumbai Indians,Mumbai Indians,field,Mumbai Indians,,8.0,JC Buttler,2017,1
1082613,2017,2017-04-21,Eden Gardens,Kolkata,Kolkata Knight Riders,Gujarat Lions,Gujarat Lions,field,Gujarat Lions,,4.0,SK Raina,2017,1
1082614,2017,2017-04-22,Wankhede Stadium,Mumbai,Mumbai Indians,Delhi Daredevils,Delhi Daredevils,field,Mumbai Indians,14.0,,MJ McClenaghan,2017,0
1082615,2017,2017-04-22,Maharashtra Cricket Association Stadium,Pune,Rising Pune Supergiant,Sunrisers Hyderabad,Rising Pune Supergiant,field,Rising Pune Supergiant,,6.0,MS Dhoni,2017,1
1082616,2017,2017-04-23,Saurashtra Cricket Association Stadium,Rajkot,Gujarat Lions,Kings XI Punjab,Gujarat Lions,field,Kings XI Punjab,26.0,,HM Amla,2017,0
1082617,2017,2017-04-23,Eden Gardens,Kolkata,Kolkata Knight Riders,Royal Challengers Bangalore,Royal Challengers Bangalore,field,Kolkata Knight Riders,82.0,,NM Coulter-Nile,2017,0
1082618,2017,2017-04-24,Wankhede Stadium,Mumbai,Mumbai Indians,Rising Pune Supergiant,Mumbai Indians,field,Rising Pune Supergiant,3.0,,BA Stokes,2017,0
1082620,2017,2017-04-26,Maharashtra Cricket Association Stadium,Pune,Rising Pune Supergiant,Kolkata Knight Riders,Kolkata Knight Riders,field,Kolkata Knight Riders,,7.0,RV Uthappa,2017,1
1082621,2017,2017-04-27,M Chinnaswamy Stadium,Bangalore,Royal Challengers Bangalore,Gujarat Lions,Gujarat Lions,field,Gujarat Lions,,7.0,AJ Tye,2017,1
1082622,2017,2017-04-28,Eden Gardens,Kolkata,Kolkata Knight Riders,Delhi Daredevils,Kolkata Knight Riders,field,Kolkata Knight Riders,,7.0,G Gambhir,2017,1
1082623,2017,2017-04-28,"Punjab Cricket Association IS Bindra Stadium, Mohali",Chandigarh,Kings XI Punjab,Sunrisers Hyderabad,Kings XI Punjab,field,Sunrisers Hyderabad,26.0,,Rashid Khan,2017,0
1082624,2017,2017-04-29,Maharashtra Cricket Association Stadium,Pune,Rising Pune Supergiant,Royal Challengers Bangalore,Royal Challengers Bangalore,field,Rising Pune Supergiant,61.0,,LH Ferguson,2017,0
1082625,2017,2017-04-29,Saurashtra Cricket Association Stadium,Rajkot,Gujarat Lions,Mumbai Indians,Gujarat Lions,bat,,,,KH Pandya,2017,0
1082626,2017,2017-04-30,"Punjab Cricket Association IS Bindra Stadium, Mohali",Chandigarh,Kings XI Punjab,Delhi Daredevils,Kings XI Punjab,field,Kings XI Punjab,,10.0,Sandeep Sharma,2017,1
1082627,2017,2017-04-30,"Rajiv Gandhi International Stadium, Uppal",Hyderabad,Sunrisers Hyderabad,Kolkata Knight Riders,Kolkata Knight Riders,field,Sunrisers Hyderabad,48.0,,DA Warner,2017,0
1082628,2017,2017-05-01,Wankhede Stadium,Mumbai,Mumbai Indians,Royal Challengers Bangalore,Royal Challengers Bangalore,bat,Mumbai Indians,,5.0,RG Sharma,2017,0
1082629,2017,2017-05-01,Maharashtra Cricket Association Stadium,Pune,Rising Pune Supergiant,Gujarat Lions,Rising Pune Supergiant,field,Rising Pune Supergiant,,5.0,BA Stokes,2017,1
1082630,2017,2017-05-02,Feroz Shah Kotla,Delhi,Delhi Daredevils,Sunrisers Hyderabad,Delhi Daredevils,field,Delhi Daredevils,,6.0,Mohammed Shami,2017,1
1082631,2017,2017-05-03,Eden Gardens,Kolkata,Kolkata Knight Riders,Rising Pune Supergiant,Rising Pune Supergiant,field,Rising Pune Supergiant,,4.0,RA Tripathi,2017,1
1082632,2017,2017-05-04,Feroz Shah Kotla,Delhi,Delhi Daredevils,Gujarat Lions,Delhi Daredevils,field,Delhi Daredevils,,7.0,RR Pant,2017,1
1082633,2017,2017-05-05,M Chinnaswamy Stadium,Bangalore,Royal Challengers Bangalore,Kings XI Punjab,Royal Challengers Bangalore,field,Kings XI Punjab,19.0,,Sandeep Sharma,2017,0
1082634,2017,2017-05-06,"Rajiv Gandhi International Stadium, Uppal",Hyderabad,Sunrisers Hyderabad,Rising Pune Supergiant,Sunrisers Hyderabad,field,Rising Pune Supergiant,12.0,,JD Unadkat,2017,0
1082635,2017,2017-05-06,Feroz Shah Kotla,Delhi,Delhi Daredevils,Mumbai Indians,Delhi Daredevils,field,Mumbai Indians,146.0,,LMP Simmons,2017,0
1082636,2017,2017-05-07,M Chinnaswamy Stadium,Bangalore,Royal Challengers Bangalore,Kolkata Knight Riders,Kolkata Knight Riders,field,Kolkata Knight Riders,,6.0,SP Narine,2017,1
1082637,2017,2017-05-07,"Punjab Cricket Association IS Bindra Stadium, Mohali",Chandigarh,Kings XI Punjab,Gujarat Lions,Gujarat Lions,field,Gujarat Lions,,6.0,DR Smith,2017,1
1082638,2017,2017-05-08,"Rajiv Gandhi International Stadium, Uppal",Hyderabad,Sunrisers Hyderabad,Mumbai Indians,Mumbai Indians,bat,Sunrisers Hyderabad,,7.0,S Dhawan,2017,0
1082639,2017,2017-05-09,"Punjab Cricket Association IS Bindra Stadium, Mohali",Chandigarh,Kings XI Punjab,Kolkata Knight Riders,Kolkata Knight Riders,field,Kings XI Punjab,14.0,,MM Sharma,2017,0
1082640,2017,2017-05-10,Green Park,Kanpur,Gujarat Lions,Delhi Daredevils,Delhi Daredevils,field,Delhi Daredevils,,2.0,SS Iyer,2017,1
1082641,2017,2017-05-11,Wankhede Stadium,Mumbai,Mumbai Indians,Kings XI Punjab,Mumbai Indians,field,Kings XI Punjab,7.0,,WP Saha,2017,0
1082642,2017,2017-05-12,Feroz Shah Kotla,Delhi,Delhi Daredevils,Rising Pune Supergiant,Delhi Daredevils,bat,Delhi Daredevils,7.0,,KK Nair,2017,1
1082643,2017,2017-05-13,Green Park,Kanpur,Gujarat Lions,Sunrisers Hyderabad,Sunrisers Hyderabad,field,Sunrisers Hyderabad,,8.0,Mohammed Siraj,2017,1
1082644,2017,2017-05-13,Eden Gardens,Kolkata,Kolkata Knight Riders,Mumbai Indians,Kolkata Knight Riders,field,Mumbai Indians,9.0,,AT Rayudu,2017,0
1082645,2017,2017-05-14,Maharashtra Cricket Association Stadium,Pune,Rising Pune Supergiant,Kings XI Punjab,Rising Pune Supergiant,field,Rising Pune Supergiant,,9.0,JD Unadkat,2017,1
1082646,2017,2017-05-14,Feroz Shah Kotla,Delhi,Delhi Daredevils,Royal Challengers Bangalore,Royal Challengers Bangalore,bat,Royal Challengers Bangalore,10.0,,HV Patel,2017,1
1082647,2017,2017-05-16,Wankhede Stadium,Mumbai,Mumbai Indians,Rising Pune Supergiant,Mumbai Indians,field,Rising Pune Supergiant,20.0,,Washington Sundar,2017,0
1082648,2017,2017-05-18,M Chinnaswamy Stadium,Bangalore,Sunrisers Hyderabad,Kolkata Knight Riders,Kolkata Knight Riders,field,Kolkata Knight Riders,,7.0,NM Coulter-Nile,2017,1
1082649,2017,2017-05-19,M Chinnaswamy Stadium,Bangalore,Mumbai Indians,Kolkata Knight Riders,Mumbai Indians,field,Mumbai Indians,,6.0,KV Sharma,2017,1
1082650,2017,2017-05-21,"Rajiv Gandhi International Stadium, Uppal",Hyderabad,Mumbai Indians,Rising Pune Supergiant,Mumbai Indians,bat,Mumbai Indians,1.0,,KH Pandya,2017,1
1136561,2018,2018-04-07,Wankhede Stadium,Mumbai,Mumbai Indians,Chennai Super Kings,Chennai Super Kings,field,Chennai Super Kings,,1.0,DJ Bravo,2018,1
1136562,2018,2018-04-08,Punjab Cricket Association IS Bindra Stadium,Chandigarh,Delhi Daredevils,Kings XI Punjab,Kings XI Punjab,field,Kings XI Punjab,,6.0,KL Rahul,2018,1
1136563,2018,2018-04-08,Eden Gardens,Kolkata,Royal Challengers Bangalore,Kolkata Knight Riders,Kolkata Knight Riders,field,Kolkata Knight Riders,,4.0,SP Narine,2018,1
1136564,2018,2018-04-09,Rajiv Gandhi International Stadium,Hyderabad,Rajasthan Royals,Sunrisers Hyderabad,Sunrisers Hyderabad,field,Sunrisers Hyderabad,,9.0,S Dhawan,2018,1
1136565,2018,2018-04-10,MA Chidambaram Stadium,Chennai,Kolkata Knight Riders,Chennai Super Kings,Chennai Super Kings,field,Chennai Super Kings,,5.0,SW Billings,2018,1
1136566,2018,2018-04-11,Sawai Mansingh Stadium,Jaipur,Rajasthan Royals,Delhi Daredevils,Delhi Daredevils,field,Rajasthan Royals,10.0,,SV Samson,2018,0
1136567,2018,2018-04-12,Rajiv Gandhi International Stadium,Hyderabad,Mumbai Indians,Sunrisers Hyderabad,Sunrisers Hyderabad,field,Sunrisers Hyderabad,,1.0,Rashid Khan,2018,1
1136568,2018,2018-04-13,M.Chinnaswamy Stadium,Bengaluru,Kings XI Punjab,Royal Challengers Bangalore,Royal Challengers Bangalore,field,Royal Challengers Bangalore,,4.0,UT Yadav,2018,1
1136569,2018,2018-04-14,Wankhede Stadium,Mumbai,Mumbai Indians,Delhi Daredevils,Delhi Daredevils,field,Delhi Daredevils,,7.0,JJ Roy,2018,1
1136570,2018,2018-04-14,Eden Gardens,Kolkata,Kolkata Knight Riders,Sunrisers Hyderabad,Sunrisers Hyderabad,field,Sunrisers Hyderabad,,5.0,B Stanlake,2018,1
1136571,2018,2018-04-15,M.Chinnaswamy Stadium,Bengaluru,Rajasthan Royals,Royal Challengers Bangalore,Royal Challengers Bangalore,field,Rajasthan Royals,19.0,,SV Samson,2018,0
1136572,2018,2018-04-15,Punjab Cricket Association IS Bindra Stadium,Chandigarh,Kings XI Punjab,Chennai Super Kings,Chennai Super Kings,field,Kings XI Punjab,4.0,,CH Gayle,2018,0
1136573,2018,2018-04-16,Eden Gardens,Kolkata,Kolkata Knight Riders,Delhi Daredevils,Delhi Daredevils,field,Kolkata Knight Riders,71.0,,N Rana,2018,0
1136574,2018,2018-04-17,Wankhede Stadium,Mumbai,Mumbai Indians,Royal Challengers Bangalore,Royal Challengers Bangalore,field,Mumbai Indians,46.0,,RG Sharma,2018,0
1136575,2018,2018-04-18,Sawai Mansingh Stadium,Jaipur,Rajasthan Royals,Kolkata Knight Riders,Kolkata Knight Riders,field,Kolkata Knight Riders,,7.0,N Rana,2018,1
1136576,2018,2018-04-19,Punjab Cricket Association IS Bindra Stadium,Chandigarh,Kings XI Punjab,Sunrisers Hyderabad,Kings XI Punjab,bat,Kings XI Punjab,15.0,,CH Gayle,2018,1
1136577,2018,2018-04-20,Maharashtra Cricket Association Stadium,Pune,Chennai Super Kings,Rajasthan Royals,Rajasthan Royals,field,Chennai Super Kings,64.0,,SR Watson,2018,0
1136578,2018,2018-04-21,Eden Gardens,Kolkata,Kolkata Knight Riders,Kings XI Punjab,Kings XI Punjab,field,Kings XI Punjab,,9.0,KL Rahul,2018,1
1136579,2018,2018-04-21,M.Chinnaswamy Stadium,Bengaluru,Delhi Daredevils,Royal Challengers Bangalore,Royal Challengers Bangalore,field,Royal Challengers Bangalore,,6.0,AB de Villiers,2018,1
1136580,2018,2018-04-22,Rajiv Gandhi International Stadium,Hyderabad,Chennai Super Kings,Sunrisers Hyderabad,Sunrisers Hyderabad,field,Chennai Super Kings,4.0,,AT Rayudu,2018,0
1136581,2018,2018-04-22,Sawai Mansingh Stadium,Jaipur,Mumbai Indians,Rajasthan Royals,Mumbai Indians,bat,Rajasthan Royals,,3.0,JC Archer,2018,0
1136582,2018,2018-04-23,Arun Jaitley Stadium,Delhi,Kings XI Punjab,Delhi Daredevils,Delhi Daredevils,field,Kings XI Punjab,4.0,,AS Rajpoot,2018,0
1136583,2018,2018-04-24,Wankhede Stadium,Mumbai,Sunrisers Hyderabad,Mumbai Indians,Mumbai Indians,field,Sunrisers Hyderabad,31.0,,Rashid Khan,2018,0
1136584,2018,2018-04-25,M.Chinnaswamy Stadium,Bengaluru,Royal Challengers Bangalore,Chennai Super Kings,Chennai Super Kings,field,Chennai Super Kings,,5.0,MS Dhoni,2018,1
1136585,2018,2018-04-26,Rajiv Gandhi International Stadium,Hyderabad,Sunrisers Hyderabad,Kings XI Punjab,Kings XI Punjab,field,Sunrisers Hyderabad,13.0,,AS Rajpoot,2018,0
1136586,2018,2018-04-27,Arun Jaitley Stadium,Delhi,Delhi Daredevils,Kolkata Knight Riders,Kolkata Knight Riders,field,Delhi Daredevils,55.0,,SS Iyer,2018,0
1136587,2018,2018-04-28,Maharashtra Cricket Association Stadium,Pune,Chennai Super Kings,Mumbai Indians,Mumbai Indians,field,Mumbai Indians,,8.0,RG Sharma,2018,1
1136588,2018,2018-04-29,Sawai Mansingh Stadium,Jaipur,Sunrisers Hyderabad,Rajasthan Royals,Sunrisers Hyderabad,bat,Sunrisers Hyderabad,11.0,,KS Williamson,2018,1
1136589,2018,2018-04-29,M.Chinnaswamy Stadium,Bengaluru,Royal Challengers Bangalore,Kolkata Knight Riders,Kolkata Knight Riders,field,Kolkata Knight Riders,,6.0,CA Lynn,2018,1
1136590,2018,2018-04-30,Maharashtra Cricket Association Stadium,Pune,Chennai Super Kings,Delhi Daredevils,Delhi Daredevils,field,Chennai Super Kings,13.0,,SR Watson,2018,0
1136591,2018,2018-05-01,M.Chinnaswamy Stadium,Bengaluru,Royal Challengers Bangalore,Mumbai Indians,Mumbai Indians,field,Royal Challengers Bangalore,14.0,,TG Southee,2018,0
1136592,2018,2018-05-02,Arun Jaitley Stadium,Delhi,Delhi Daredevils,Rajasthan Royals,Rajasthan Royals,field,Delhi Daredevils,4.0,,RR Pant,2018,0
1136593,2018,2018-05-03,Eden Gardens,Kolkata,Chennai Super Kings,Kolkata Knight Riders,Kolkata Knight Riders,field,Kolkata Knight Riders,,6.0,SP Narine,2018,1
1136594,2018,2018-05-04,Holkar Cricket Stadium,Indore,Kings XI Punjab,Mumbai Indians,Mumbai Indians,field,Mumbai Indians,,6.0,SA Yadav,2018,1
1136595,2018,2018-05-05,Maharashtra Cricket Association Stadium,Pune,Royal Challengers Bangalore,Chennai Super Kings,Chennai Super Kings,field,Chennai Super Kings,,6.0,RA Jadeja,2018,1
1136596,2018,2018-05-05,Rajiv Gandhi International Stadium,Hyderabad,Delhi Daredevils,Sunrisers Hyderabad,Delhi Daredevils,bat,Sunrisers Hyderabad,,7.0,Rashid Khan,2018,0
1136597,2018,2018-05-06,Wankhede Stadium,Mumbai,Mumbai Indians,Kolkata Knight Riders,Kolkata Knight Riders,field,Mumbai Indians,13.0,,HH Pandya,2018,0
1136598,2018,2018-05-06,Holkar Cricket Stadium,Indore,Rajasthan Royals,Kings XI Punjab,Kings XI Punjab,field,Kings XI Punjab,,6.0,Mujeeb Ur Rahman,2018,1
1136599,2018,2018-05-07,Rajiv Gandhi International Stadium,Hyderabad,Sunrisers Hyderabad,Royal Challengers Bangalore,Royal Challengers Bangalore,field,Sunrisers Hyderabad,5.0,,KS Williamson,2018,0
1136600,2018,2018-05-08,Sawai Mansingh Stadium,Jaipur,Rajasthan Royals,Kings XI Punjab,Rajasthan Royals,bat,Rajasthan Royals,15.0,,JC Buttler,2018,1
1136601,2018,2018-05-09,Eden Gardens,Kolkata,Mumbai Indians,Kolkata Knight Riders,Kolkata Knight Riders,field,Mumbai Indians,102.0,,Ishan Kishan,2018,0
1136602,2018,2018-05-10,Arun Jaitley Stadium,Delhi,Delhi Daredevils,Sunrisers Hyderabad,Delhi Daredevils,bat,Sunrisers Hyderabad,,9.0,S Dhawan,2018,0
1136603,2018,2018-05-11,Sawai Mansingh Stadium,Jaipur,Chennai Super Kings,Rajasthan Royals,Chennai Super Kings,bat,Rajasthan Royals,,4.0,JC Buttler,2018,0
1136604,2018,2018-05-12,Holkar Cricket Stadium,Indore,Kolkata Knight Riders,Kings XI Punjab,Kings XI Punjab,field,Kolkata Knight Riders,31.0,,SP Narine,2018,0
1136605,2018,2018-05-12,Arun Jaitley Stadium,Delhi,Delhi Daredevils,Royal Challengers Bangalore,Royal Challengers Bangalore,field,Royal Challengers Bangalore,,5.0,AB de Villiers,2018,1
1136606,2018,2018-05-13,Maharashtra Cricket Association Stadium,Pune,Sunrisers Hyderabad,Chennai Super Kings,Chennai Super Kings,field,Chennai Super Kings,,8.0,AT Rayudu,2018,1
1136607,2018,2018-05-13,Wankhede Stadium,Mumbai,Mumbai Indians,Rajasthan Royals,Rajasthan Royals,field,Rajasthan Royals,,7.0,JC Buttler,2018,1
1136608,2018,2018-05-14,Holkar Cricket Stadium,Indore,Kings XI Punjab,Royal Challengers Bangalore,Royal Challengers Bangalore,field,Royal Challengers Bangalore,,10.0,UT Yadav,2018,1
1136609,2018,2018-05-15,Eden Gardens,Kolkata,Rajasthan Royals,Kolkata Knight Riders,Kolkata Knight Riders,field,Kolkata Knight Riders,,6.0,Kuldeep Yadav,2018,1
1136610,2018,2018-05-16,Wankhede Stadium,Mumbai,Mumbai Indians,Kings XI Punjab,Kings XI Punjab,field,Mumbai Indians,3.0,,JJ Bumrah,2018,0
1136611,2018,2018-05-17,M.Chinnaswamy Stadium,Bengaluru,Royal Challengers Bangalore,Sunrisers Hyderabad,Sunrisers Hyderabad,field,Royal Challengers Bangalore,14.0,,AB de Villiers,2018,0
1136612,2018,2018-05-18,Arun Jaitley Stadium,Delhi,Delhi Daredevils,Chennai Super Kings,Chennai Super Kings,field,Delhi Daredevils,34.0,,HV Patel,2018,0
1136613,2018,2018-05-19,Sawai Mansingh Stadium,Jaipur,Rajasthan Royals,Royal Challengers Bangalore,Rajasthan Royals,bat,Rajasthan Royals,30.0,,S Gopal,2018,1
1136614,2018,2018-05-19,Rajiv Gandhi International Stadium,Hyderabad,Sunrisers Hyderabad,Kolkata Knight Riders,Sunrisers Hyderabad,bat,Kolkata Knight Riders,,5.0,CA Lynn,2018,0
1136615,2018,2018-05-20,Arun Jaitley Stadium,Delhi,Delhi Daredevils,Mumbai Indians,Delhi Daredevils,bat,Delhi Daredevils,11.0,,A Mishra,2018,1
1136616,2018,2018-05-20,Maharashtra Cricket Association Stadium,Pune,Kings XI Punjab,Chennai Super Kings,Chennai Super Kings,field,Chennai Super Kings,,5.0,L Ngidi,2018,1
1136617,2018,2018-05-22,Wankhede Stadium,Mumbai,Sunrisers Hyderabad,Chennai Super Kings,Chennai Super Kings,field,Chennai Super Kings,,2.0,F du Plessis,2018,1
1136618,2018,2018-05-23,Eden Gardens,Kolkata,Kolkata Knight Riders,Rajasthan Royals,Rajasthan Royals,field,Kolkata Knight Riders,25.0,,AD Russell,2018,0
1136619,2018,2018-05-25,Eden Gardens,Kolkata,Sunrisers Hyderabad,Kolkata Knight Riders,Kolkata Knight Riders,field,Sunrisers Hyderabad,14.0,,Rashid Khan,2018,0
1136620,2018,2018-05-27,Wankhede Stadium,Mumbai,Sunrisers Hyderabad,Chennai Super Kings,Chennai Super Kings,field,Chennai Super Kings,,8.0,SR Watson,2018,1
1175356,2019,2019-03-23,MA Chidambaram Stadium,Chennai,Royal Challengers Bangalore,Chennai Super Kings,Chennai Super Kings,field,Chennai Super Kings,,7.0,Harbhajan Singh,2019,1
1175357,2019,2019-03-24,Eden Gardens,Kolkata,Sunrisers Hyderabad,Kolkata Knight Riders,Kolkata Knight Riders,field,Kolkata Knight Riders,,6.0,AD Russell,2019,1
1175358,2019,2019-03-24,Wankhede Stadium,Mumbai,Delhi Capitals,Mumbai Indians,Mumbai Indians,field,Delhi Capitals,37.0,,RR Pant,2019,0
1175359,2019,2019-03-25,Sawai Mansingh Stadium,Jaipur,Kings XI Punjab,Rajasthan Royals,Rajasthan Royals,field,Kings XI Punjab,14.0,,CH Gayle,2019,0
1175360,2019,2019-03-26,Arun Jaitley Stadium,Delhi,Delhi Capitals,Chennai Super Kings,Delhi Capitals,bat,Chennai Super Kings,,6.0,SR Watson,2019,0
1175361,2019,2019-03-27,Eden Gardens,Kolkata,Kolkata Knight Riders,Kings XI Punjab,Kings XI Punjab,field,Kolkata Knight Riders,28.0,,AD Russell,2019,0
1175362,2019,2019-03-28,M.Chinnaswamy Stadium,Bengaluru,Mumbai Indians,Royal Challengers Bangalore,Royal Challengers Bangalore,field,Mumbai Indians,6.0,,JJ Bumrah,2019,0
1175363,2019,2019-03-29,Rajiv Gandhi International Stadium,Hyderabad,Rajasthan Royals,Sunrisers Hyderabad,Rajasthan Royals,bat,Sunrisers Hyderabad,,5.0,Rashid Khan,2019,0
1175364,2019,2019-03-30,Punjab Cricket Association IS Bindra Stadium,Chandigarh,Mumbai Indians,Kings XI Punjab,Kings XI Punjab,field,Kings XI Punjab,,8.0,MA Agarwal,2019,1
1175365,2019,2019-03-30,Arun Jaitley Stadium,Delhi,Kolkata Knight Riders,Delhi Capitals,Delhi Capitals,field,,,,PP Shaw,2019,0
1175366,2019,2019-03-31,Rajiv Gandhi International Stadium,Hyderabad,Sunrisers Hyderabad,Royal Challengers Bangalore,Royal Challengers Bangalore,field,Sunrisers Hyderabad,118.0,,JM Bairstow,2019,0
1175367,2019,2019-03-31,MA Chidambaram Stadium,Chennai,Chennai Super Kings,Rajasthan Royals,Rajasthan Royals,field,Chennai Super Kings,8.0,,MS Dhoni,2019,0
1175368,2019,2019-04-01,Punjab Cricket Association IS Bindra Stadium,Chandigarh,Kings XI Punjab,Delhi Capitals,Delhi Capitals,field,Kings XI Punjab,14.0,,SM Curran,2019,0
1175369,2019,2019-04-02,Sawai Mansingh Stadium,Jaipur,Royal Challengers Bangalore,Rajasthan Royals,Rajasthan Royals,field,Rajasthan Royals,,7.0,S Gopal,2019,1
1175370,2019,2019-04-03,Wankhede Stadium,Mumbai,Mumbai Indians,Chennai Super Kings,Chennai Super Kings,field,Mumbai Indians,37.0,,HH Pandya,2019,0
1175371,2019,2019-04-04,Arun Jaitley Stadium,Delhi,Delhi Capitals,Sunrisers Hyderabad,Sunrisers Hyderabad,field,Sunrisers Hyderabad,,5.0,JM Bairstow,2019,1
1175372,2019,2019-04-05,M.Chinnaswamy Stadium,Bengaluru,Royal Challengers Bangalore,Kolkata Knight Riders,Kolkata Knight Riders,field,Kolkata Knight Riders,,5.0,AD Russell,2019,1
1178393,2019,2019-04-06,MA Chidambaram Stadium,Chennai,Chennai Super Kings,Kings XI Punjab,Chennai Super Kings,bat,Chennai Super Kings,22.0,,Harbhajan Singh,2019,1
1178394,2019,2019-04-06,Rajiv Gandhi International Stadium,Hyderabad,Mumbai Indians,Sunrisers Hyderabad,Sunrisers Hyderabad,field,Mumbai Indians,40.0,,AS Joseph,2019,0
1178395,2019,2019-04-07,M.Chinnaswamy Stadium,Bengaluru,Royal Challengers Bangalore,Delhi Capitals,Delhi Capitals,field,Delhi Capitals,,4.0,K Rabada,2019,1
1178396,2019,2019-04-07,Sawai Mansingh Stadium,Jaipur,Rajasthan Royals,Kolkata Knight Riders,Kolkata Knight Riders,field,Kolkata Knight Riders,,8.0,HF Gurney,2019,1
1178397,2019,2019-04-08,Punjab Cricket Association IS Bindra Stadium,Chandigarh,Sunrisers Hyderabad,Kings XI Punjab,Kings XI Punjab,field,Kings XI Punjab,,6.0,KL Rahul,2019,1
1178398,2019,2019-04-09,MA Chidambaram Stadium,Chennai,Kolkata Knight Riders,Chennai Super Kings,Chennai Super Kings,field,Chennai Super Kings,,7.0,DL Chahar,2019,1
1178399,2019,2019-04-10,Wankhede Stadium,Mumbai,Kings XI Punjab,Mumbai Indians,Mumbai Indians,field,Mumbai Indians,,3.0,KA Pollard,2019,1
1178400,2019,2019-04-11,Sawai Mansingh Stadium,Jaipur,Rajasthan Royals,Chennai Super Kings,Chennai Super Kings,field,Chennai Super Kings,,4.0,MS Dhoni,2019,1
1178401,2019,2019-04-12,Eden Gardens,Kolkata,Kolkata Knight Riders,Delhi Capitals,Delhi Capitals,field,Delhi Capitals,,7.0,S Dhawan,2019,1
1178402,2019,2019-04-13,Wankhede Stadium,Mumbai,Mumbai Indians,Rajasthan Royals,Rajasthan Royals,field,Rajasthan Royals,,4.0,JC Buttler,2019,1
1178403,2019,2019-04-13,Punjab Cricket Association IS Bindra Stadium,Chandigarh,Kings XI Punjab,Royal Challengers Bangalore,Royal Challengers Bangalore,field,Royal Challengers Bangalore,,8.0,AB de Villiers,2019,1
1178404,2019,2019-04-14,Eden Gardens,Kolkata,Kolkata Knight Riders,Chennai Super Kings,Chennai Super Kings,field,Chennai Super Kings,,5.0,Imran Tahir,2019,1
1178405,2019,2019-04-14,Rajiv Gandhi International Stadium,Hyderabad,Delhi Capitals,Sunrisers Hyderabad,Sunrisers Hyderabad,field,Delhi Capitals,39.0,,KMA Paul,2019,0
1178406,2019,2019-04-15,Wankhede Stadium,Mumbai,Royal Challengers Bangalore,Mumbai Indians,Mumbai Indians,field,Mumbai Indians,,5.0,SL Malinga,2019,1
1178407,2019,2019-04-16,Punjab Cricket Association IS Bindra Stadium,Chandigarh,Kings XI Punjab,Rajasthan Royals,Rajasthan Royals,field,Kings XI Punjab,12.0,,R Ashwin,2019,0
1178408,2019,2019-04-17,Rajiv Gandhi International Stadium,Hyderabad,Chennai Super Kings,Sunrisers Hyderabad,Chennai Super Kings,bat,Sunrisers Hyderabad,,6.0,DA Warner,2019,0
1178409,2019,2019-04-18,Arun Jaitley Stadium,Delhi,Mumbai Indians,Delhi Capitals,Mumbai Indians,bat,Mumbai Indians,40.0,,HH Pandya,2019,1
1178410,2019,2019-04-19,Eden Gardens,Kolkata,Royal Challengers Bangalore,Kolkata Knight Riders,Kolkata Knight Riders,field,Royal Challengers Bangalore,10.0,,V Kohli,2019,0
1178411,2019,2019-04-20,Sawai Mansingh Stadium,Jaipur,Mumbai Indians,Rajasthan Royals,Rajasthan Royals,field,Rajasthan Royals,,5.0,SPD Smith,2019,1
1178412,2019,2019-04-20,Arun Jaitley Stadium,Delhi,Kings XI Punjab,Delhi Capitals,Delhi Capitals,field,Delhi Capitals,,5.0,SS Iyer,2019,1
1178413,2019,2019-04-21,Rajiv Gandhi International Stadium,Hyderabad,Kolkata Knight Riders,Sunrisers Hyderabad,Sunrisers Hyderabad,field,Sunrisers Hyderabad,,9.0,KK Ahmed,2019,1
1178414,2019,2019-04-21,M.Chinnaswamy Stadium,Bengaluru,Royal Challengers Bangalore,Chennai Super Kings,Chennai Super Kings,field,Royal Challengers Bangalore,1.0,,PA Patel,2019,0
1178415,2019,2019-04-22,Sawai Mansingh Stadium,Jaipur,Rajasthan Royals,Delhi Capitals,Delhi Capitals,field,Delhi Capitals,,6.0,RR Pant,2019,1
1178416,2019,2019-04-23,MA Chidambaram Stadium,Chennai,Sunrisers Hyderabad,Chennai Super Kings,Chennai Super Kings,field,Chennai Super Kings,,6.0,SR Watson,2019,1
1178417,2019,2019-04-24,M.Chinnaswamy Stadium,Bengaluru,Royal Challengers Bangalore,Kings XI Punjab,Kings XI Punjab,field,Royal Challengers Bangalore,17.0,,AB de Villiers,2019,0
1178418,2019,2019-04-25,Eden Gardens,Kolkata,Kolkata Knight Riders,Rajasthan Royals,Rajasthan Royals,field,Rajasthan Royals,,3.0,VR Aaron,2019,1
1178419,2019,2019-04-26,MA Chidambaram Stadium,Chennai,Mumbai Indians,Chennai Super Kings,Chennai Super Kings,field,Mumbai Indians,46.0,,RG Sharma,2019,0
1178420,2019,2019-04-27,Sawai Mansingh Stadium,Jaipur,Sunrisers Hyderabad,Rajasthan Royals,Rajasthan Royals,field,Rajasthan Royals,,7.0,JD Unadkat,2019,1
1178421,2019,2019-04-28,Arun Jaitley Stadium,Delhi,Delhi Capitals,Royal Challengers Bangalore,Delhi Capitals,bat,Delhi Capitals,16.0,,S Dhawan,2019,1
1178422,2019,2019-04-28,Eden Gardens,Kolkata,Kolkata Knight Riders,Mumbai Indians,Mumbai Indians,field,Kolkata Knight Riders,34.0,,AD Russell,2019,0
1178423,2019,2019-04-29,Rajiv Gandhi International Stadium,Hyderabad,Sunrisers Hyderabad,Kings XI Punjab,Kings XI Punjab,field,Sunrisers Hyderabad,45.0,,DA Warner,2019,0
1178424,2019,2019-04-30,M.Chinnaswamy Stadium,Bengaluru,Royal Challengers Bangalore,Rajasthan Royals,Rajasthan Royals,field,,,,,2019,0
1178425,2019,2019-05-01,MA Chidambaram Stadium,Chennai,Chennai Super Kings,Delhi Capitals,Delhi Capitals,field,Chennai Super Kings,80.0,,MS Dhoni,2019,0
1178426,2019,2019-05-02,Wankhede Stadium,Mumbai,Mumbai Indians,Sunrisers Hyderabad,Mumbai Indians,bat,,,,JJ Bumrah,2019,0
1178427,2019,2019-05-03,Punjab Cricket Association IS Bindra Stadium,Chandigarh,Kings XI Punjab,Kolkata Knight Riders,Kolkata Knight Riders,field,Kolkata Knight Riders,,7.0,Shubman Gill,2019,1
1178428,2019,2019-05-04,Arun Jaitley Stadium,Delhi,Rajasthan Royals,Delhi Capitals,Rajasthan Royals,bat,Delhi Capitals,,5.0,A Mishra,2019,0
1178429,2019,2019-05-04,M.Chinnaswamy Stadium,Bengaluru,Sunrisers Hyderabad,Royal Challengers Bangalore,Royal Challengers Bangalore,field,Royal Challengers Bangalore,,4.0,SO Hetmyer,2019,1
1178430,2019,2019-05-05,Punjab Cricket Association IS Bindra Stadium,Chandigarh,Chennai Super Kings,Kings XI Punjab,Kings XI Punjab,field,Kings XI Punjab,,6.0,KL Rahul,2019,1
1178431,2019,2019-05-05,Wankhede Stadium,Mumbai,Kolkata Knight Riders,Mumbai Indians,Mumbai Indians,field,Mumbai Indians,,9.0,HH Pandya,2019,1
1181764,2019,2019-05-07,MA Chidambaram Stadium,Chennai,Chennai Super Kings,Mumbai Indians,Chennai Super Kings,bat,Mumbai Indians,,6.0,SA Yadav,2019,0
1181766,2019,2019-05-08,Dr. Y.S. Rajasekhara Reddy ACA-VDCA Cricket Stadium,Visakhapatnam,Sunrisers Hyderabad,Delhi Capitals,Delhi Capitals,field,Delhi Capitals,,2.0,RR Pant,2019,1
1181767,2019,2019-05-10,Dr. Y.S. Rajasekhara Reddy ACA-VDCA Cricket Stadium,Visakhapatnam,Delhi Capitals,Chennai Super Kings,Chennai Super Kings,field,Chennai Super Kings,,6.0,F du Plessis,2019,1
1181768,2019,2019-05-12,Rajiv Gandhi International Stadium,Hyderabad,Mumbai Indians,Chennai Super Kings,Mumbai Indians,bat,Mumbai Indians,1.0,,JJ Bumrah,2019,1
1216492,2020/21,2020-09-19,Sheikh Zayed Stadium,Abu Dhabi,Mumbai Indians,Chennai Super Kings,Chennai Super Kings,field,Chennai Super Kings,,5.0,AT Rayudu,2020,1
1216493,2020/21,2020-09-20,Dubai International Cricket Stadium,,Delhi Capitals,Kings XI Punjab,Kings XI Punjab,field,,,,MP Stoinis,2020,0
1216494,2020/21,2020-10-21,Sheikh Zayed Stadium,Abu Dhabi,Kolkata Knight Riders,Royal Challengers Bangalore,Kolkata Knight Riders,bat,Royal Challengers Bangalore,,8.0,Mohammed Siraj,2020,0
1216495,2020/21,2020-11-03,Sharjah Cricket Stadium,,Mumbai Indians,Sunrisers Hyderabad,Sunrisers Hyderabad,field,Sunrisers Hyderabad,,10.0,S Nadeem,2020,1
1216496,2020/21,2020-09-22,Sharjah Cricket Stadium,,Rajasthan Royals,Chennai Super Kings,Chennai Super Kings,field,Rajasthan Royals,16.0,,SV Samson,2020,0
1216497,2020/21,2020-10-24,Sheikh Zayed Stadium,Abu Dhabi,Kolkata Knight Riders,Delhi Capitals,Delhi Capitals,field,Kolkata Knight Riders,59.0,,CV Varun,2020,0
1216498,2020/21,2020-10-24,Dubai International Cricket Stadium,,Kings XI Punjab,Sunrisers Hyderabad,Sunrisers Hyderabad,field,Kings XI Punjab,12.0,,CJ Jordan,2020,0
1216499,2020/21,2020-10-28,Sheikh Zayed Stadium,Abu Dhabi,Royal Challengers Bangalore,Mumbai Indians,Mumbai Indians,field,Mumbai Indians,,5.0,SA Yadav,2020,1
1216500,2020/21,2020-10-09,Sharjah Cricket Stadium,,Delhi Capitals,Rajasthan Royals,Rajasthan Royals,field,Delhi Capitals,46.0,,R Ashwin,2020,0
1216501,2020/21,2020-10-07,Sheikh Zayed Stadium,Abu Dhabi,Kolkata Knight Riders,Chennai Super Kings,Kolkata Knight Riders,bat,Kolkata Knight Riders,10.0,,RA Tripathi,2020,1
1216502,2020/21,2020-10-31,Sharjah Cricket Stadium,,Royal Challengers Bangalore,Sunrisers Hyderabad,Sunrisers Hyderabad,field,Sunrisers Hyderabad,,5.0,Sandeep Sharma,2020,1
1216503,2020/21,2020-10-01,Sheikh Zayed Stadium,Abu Dhabi,Mumbai Indians,Kings XI Punjab,Kings XI Punjab,field,Mumbai Indians,48.0,,KA Pollard,2020,0
1216504,2020/21,2020-09-30,Dubai International Cricket Stadium,,Kolkata Knight Riders,Rajasthan Royals,Rajasthan Royals,field,Kolkata Knight Riders,37.0,,Shivam Mavi,2020,0
1216505,2020/21,2020-11-02,Sheikh Zayed Stadium,Abu Dhabi,Royal Challengers Bangalore,Delhi Capitals,Delhi Capitals,field,Delhi Capitals,,6.0,A Nortje,2020,1
1216506,2020/21,2020-11-01,Sheikh Zayed Stadium,Abu Dhabi,Kings XI Punjab,Chennai Super Kings,Chennai Super Kings,field,Chennai Super Kings,,9.0,RD Gaikwad,2020,1
1216507,2020/21,2020-10-11,Dubai International Cricket Stadium,,Sunrisers Hyderabad,Rajasthan Royals,Sunrisers Hyderabad,bat,Rajasthan Royals,,5.0,R Tewatia,2020,0
1216508,2020/21,2020-09-23,Sheikh Zayed Stadium,Abu Dhabi,Mumbai Indians,Kolkata Knight Riders,Kolkata Knight Riders,field,Mumbai Indians,49.0,,RG Sharma,2020,0
1216509,2020/21,2020-10-17,Sharjah Cricket Stadium,,Chennai Super Kings,Delhi Capitals,Chennai Super Kings,bat,Delhi Capitals,,5.0,S Dhawan,2020,0
1216510,2020/21,2020-09-24,Dubai International Cricket Stadium,,Kings XI Punjab,Royal Challengers Bangalore,Royal Challengers Bangalore,field,Kings XI Punjab,97.0,,KL Rahul,2020,0
1216511,2020/21,2020-10-06,Sheikh Zayed Stadium,Abu Dhabi,Mumbai Indians,Rajasthan Royals,Mumbai Indians,bat,Mumbai Indians,57.0,,SA Yadav,2020,1
1216512,2020/21,2020-10-18,Sheikh Zayed Stadium,Abu Dhabi,Kolkata Knight Riders,Sunrisers Hyderabad,Sunrisers Hyderabad,field,,,,LH Ferguson,2020,0
1216513,2020/21,2020-10-04,Dubai International Cricket Stadium,,Kings XI Punjab,Chennai Super Kings,Kings XI Punjab,bat,Chennai Super Kings,,10.0,SR Watson,2020,0
1216514,2020/21,2020-10-03,Sheikh Zayed Stadium,Abu Dhabi,Rajasthan Royals,Royal Challengers Bangalore,Rajasthan Royals,bat,Royal Challengers Bangalore,,8.0,YS Chahal,2020,0
1216515,2020/21,2020-10-03,Sharjah Cricket Stadium,,Delhi Capitals,Kolkata Knight Riders,Kolkata Knight Riders,field,Delhi Capitals,18.0,,SS Iyer,2020,0
1216516,2020/21,2020-10-02,Dubai International Cricket Stadium,,Sunrisers Hyderabad,Chennai Super Kings,Sunrisers Hyderabad,bat,Sunrisers Hyderabad,7.0,,PK Garg,2020,1
1216517,2020/21,2020-10-18,Dubai International Cricket Stadium,,Mumbai Indians,Kings XI Punjab,Mumbai Indians,bat,,,,KL Rahul,2020,0
1216518,2020/21,2020-10-22,Dubai International Cricket Stadium,,Rajasthan Royals,Sunrisers Hyderabad,Sunrisers Hyderabad,field,Sunrisers Hyderabad,,8.0,MK Pandey,2020,1
1216519,2020/21,2020-10-05,Dubai International Cricket Stadium,,Delhi Capitals,Royal Challengers Bangalore,Royal Challengers Bangalore,field,Delhi Capitals,59.0,,AR Patel,2020,0
1216520,2020/21,2020-10-26,Sharjah Cricket Stadium,,Kolkata Knight Riders,Kings XI Punjab,Kings XI Punjab,field,Kings XI Punjab,,8.0,CH Gayle,2020,1
1216521,2020/21,2020-10-23,Sharjah Cricket Stadium,,Chennai Super Kings,Mumbai Indians,Mumbai Indians,field,Mumbai Indians,,10.0,TA Boult,2020,1
1216522,2020/21,2020-10-17,Dubai International Cricket Stadium,,Rajasthan Royals,Royal Challengers Bangalore,Rajasthan Royals,bat,Royal Challengers Bangalore,,7.0,AB de Villiers,2020,0
1216523,2020/21,2020-10-10,Sheikh Zayed Stadium,Abu Dhabi,Kolkata Knight Riders,Kings XI Punjab,Kolkata Knight Riders,bat,Kolkata Knight Riders,2.0,,KD Karthik,2020,1
1216524,2020/21,2020-10-27,Dubai International Cricket Stadium,,Sunrisers Hyderabad,Delhi Capitals,Delhi Capitals,field,Sunrisers Hyderabad,88.0,,WP Saha,2020,0
1216525,2020/21,2020-10-10,Dubai International Cricket Stadium,,Royal Challengers Bangalore,Chennai Super Kings,Royal Challengers Bangalore,bat,Royal Challengers Bangalore,37.0,,V Kohli,2020,1
1216526,2020/21,2020-10-16,Sheikh Zayed Stadium,Abu Dhabi,Kolkata Knight Riders,Mumbai Indians,Kolkata Knight Riders,bat,Mumbai Indians,,8.0,Q de Kock,2020,0
1216527,2020/21,2020-09-27,Sharjah Cricket Stadium,,Kings XI Punjab,Rajasthan Royals,Rajasthan Royals,field,Rajasthan Royals,,4.0,SV Samson,2020,1
1216528,2020/21,2020-10-13,Dubai International Cricket Stadium,,Chennai Super Kings,Sunrisers Hyderabad,Chennai Super Kings,bat,Chennai Super Kings,20.0,,RA Jadeja,2020,1
1216529,2020/21,2020-10-11,Sheikh Zayed Stadium,Abu Dhabi,Delhi Capitals,Mumbai Indians,Delhi Capitals,bat,Mumbai Indians,,5.0,Q de Kock,2020,0
1216530,2020/21,2020-11-01,Dubai International Cricket Stadium,,Kolkata Knight Riders,Rajasthan Royals,Rajasthan Royals,field,Kolkata Knight Riders,60.0,,PJ Cummins,2020,0
1216531,2020/21,2020-10-15,Sharjah Cricket Stadium,,Royal Challengers Bangalore,Kings XI Punjab,Royal Challengers Bangalore,bat,Kings XI Punjab,,8.0,KL Rahul,2020,0
1216532,2020/21,2020-09-29,Sheikh Zayed Stadium,Abu Dhabi,Sunrisers Hyderabad,Delhi Capitals,Delhi Capitals,field,Sunrisers Hyderabad,15.0,,Rashid Khan,2020,0
1216533,2020/21,2020-10-19,Sheikh Zayed Stadium,Abu Dhabi,Chennai Super Kings,Rajasthan Royals,Chennai Super Kings,bat,Rajasthan Royals,,7.0,JC Buttler,2020,0
1216534,2020/21,2020-09-21,Dubai International Cricket Stadium,,Royal Challengers Bangalore,Sunrisers Hyderabad,Sunrisers Hyderabad,field,Royal Challengers Bangalore,10.0,,YS Chahal,2020,0
1216535,2020/21,2020-10-31,Dubai International Cricket Stadium,,Delhi Capitals,Mumbai Indians,Mumbai Indians,field,Mumbai Indians,,9.0,Ishan Kishan,2020,1
1216536,2020/21,2020-10-29,Dubai International Cricket Stadium,,Kolkata Knight Riders,Chennai Super Kings,Chennai Super Kings,field,Chennai Super Kings,,6.0,RD Gaikwad,2020,1
1216537,2020/21,2020-10-30,Sheikh Zayed Stadium,Abu Dhabi,Kings XI Punjab,Rajasthan Royals,Rajasthan Royals,field,Rajasthan Royals,,7.0,BA Stokes,2020,1
1216538,2020/21,2020-10-04,Sharjah Cricket Stadium,,Mumbai Indians,Sunrisers Hyderabad,Mumbai Indians,bat,Mumbai Indians,34.0,,TA Boult,2020,1
1216539,2020/21,2020-09-25,Dubai International Cricket Stadium,,Delhi Capitals,Chennai Super Kings,Chennai Super Kings,field,Delhi Capitals,44.0,,PP Shaw,2020,0
1216540,2020/21,2020-10-12,Sharjah Cricket Stadium,,Royal Challengers Bangalore,Kolkata Knight Riders,Royal Challengers Bangalore,bat,Royal Challengers Bangalore,82.0,,AB de Villiers,2020,1
1216541,2020/21,2020-10-25,Sheikh Zayed Stadium,Abu Dhabi,Mumbai Indians,Rajasthan Royals,Mumbai Indians,bat,Rajasthan Royals,,8.0,BA Stokes,2020,0
1216542,2020/21,2020-10-08,Dubai International Cricket Stadium,,Sunrisers Hyderabad,Kings XI Punjab,Sunrisers Hyderabad,bat,Sunrisers Hyderabad,69.0,,JM Bairstow,2020,1
1216543,2020/21,2020-10-14,Dubai International Cricket Stadium,,Delhi Capitals,Rajasthan Royals,Delhi Capitals,bat,Delhi Capitals,13.0,,A Nortje,2020,1
1216544,2020/21,2020-10-25,Dubai International Cricket Stadium,,Royal Challengers Bangalore,Chennai Super Kings,Royal Challengers Bangalore,bat,Chennai Super Kings,,8.0,RD Gaikwad,2020,0
1216545,2020/21,2020-09-26,Sheikh Zayed Stadium,Abu Dhabi,Sunrisers Hyderabad,Kolkata Knight Riders,Sunrisers Hyderabad,bat,Kolkata Knight Riders,,7.0,Shubman Gill,2020,0
1216546,2020/21,2020-10-20,Dubai International Cricket Stadium,,Delhi Capitals,Kings XI Punjab,Delhi Capitals,bat,Kings XI Punjab,,5.0,S Dhawan,2020,0
1216547,2020/21,2020-09-28,Dubai International Cricket Stadium,,Royal Challengers Bangalore,Mumbai Indians,Mumbai Indians,field,,,,AB de Villiers,2020,0
1237177,2020/21,2020-11-05,Dubai International Cricket Stadium,,Mumbai Indians,Delhi Capitals,Delhi Capitals,field,Mumbai Indians,57.0,,JJ Bumrah,2020,0
1237178,2020/21,2020-11-06,Sheikh Zayed Stadium,Abu Dhabi,Royal Challengers Bangalore,Sunrisers Hyderabad,Sunrisers Hyderabad,field,Sunrisers Hyderabad,,6.0,KS Williamson,2020,1
1237180,2020/21,2020-11-08,Sheikh Zayed Stadium,Abu Dhabi,Delhi Capitals,Sunrisers Hyderabad,Delhi Capitals,bat,Delhi Capitals,17.0,,MP Stoinis,2020,1
1237181,2020/21,2020-11-10,Dubai International Cricket Stadium,,Delhi Capitals,Mumbai Indians,Delhi Capitals,bat,Mumbai Indians,,5.0,TA Boult,2020,0
1254058,2021,2021-04-09,"MA Chidambaram Stadium, Chepauk, Chennai",Chennai,Mumbai Indians,Royal Challengers Bangalore,Royal Challengers Bangalore,field,Royal Challengers Bangalore,,2.0,HV Patel,2021,1
1254059,2021,2021-04-10,"Wankhede Stadium, Mumbai",Mumbai,Chennai Super Kings,Delhi Capitals,Delhi Capitals,field,Delhi Capitals,,7.0,S Dhawan,2021,1
1254060,2021,2021-04-11,"MA Chidambaram Stadium, Chepauk, Chennai",Chennai,Kolkata Knight Riders,Sunrisers Hyderabad,Sunrisers Hyderabad,field,Kolkata Knight Riders,10.0,,N Rana,2021,0
1254061,2021,2021-04-12,"Wankhede Stadium, Mumbai",Mumbai,Punjab Kings,Rajasthan Royals,Rajasthan Royals,field,Punjab Kings,4.0,,SV Samson,2021,0
1254062,2021,2021-04-13,"MA Chidambaram Stadium, Chepauk, Chennai",Chennai,Mumbai Indians,Kolkata Knight Riders,Kolkata Knight Riders,field,Mumbai Indians,10.0,,RD Chahar,2021,0
1254063,2021,2021-04-14,"MA Chidambaram Stadium, Chepauk, Chennai",Chennai,Royal Challengers Bangalore,Sunrisers Hyderabad,Sunrisers Hyderabad,field,Royal Challengers Bangalore,6.0,,GJ Maxwell,2021,0
1254064,2021,2021-04-15,"Wankhede Stadium, Mumbai",Mumbai,Delhi Capitals,Rajasthan Royals,Rajasthan Royals,field,Rajasthan Royals,,3.0,JD Unadkat,2021,1
1254065,2021,2021-04-16,"Wankhede Stadium, Mumbai",Mumbai,Punjab Kings,Chennai Super Kings,Chennai Super Kings,field,Chennai Super Kings,,6.0,DL Chahar,2021,1
1254066,2021,2021-04-17,"MA Chidambaram Stadium, Chepauk, Chennai",Chennai,Mumbai Indians,Sunrisers Hyderabad,Mumbai Indians,bat,Mumbai Indians,13.0,,KA Pollard,2021,1
1254067,2021,2021-04-18,"MA Chidambaram Stadium, Chepauk, Chennai",Chennai,Royal Challengers Bangalore,Kolkata Knight Riders,Royal Challengers Bangalore,bat,Royal Challengers Bangalore,38.0,,AB de Villiers,2021,1
1254068,2021,2021-04-18,"Wankhede Stadium, Mumbai",Mumbai,Punjab Kings,Delhi Capitals,Delhi Capitals,field,Delhi Capitals,,6.0,S Dhawan,2021,1
1254069,2021,2021-04-19,"Wankhede Stadium, Mumbai",Mumbai,Chennai Super Kings,Rajasthan Royals,Rajasthan Royals,field,Chennai Super Kings,45.0,,MM Ali,2021,0
1254070,2021,2021-04-20,"MA Chidambaram Stadium, Chepauk, Chennai",Chennai,Mumbai Indians,Delhi Capitals,Mumbai Indians,bat,Delhi Capitals,,6.0,A Mishra,2021,0
1254071,2021,2021-04-21,"MA Chidambaram Stadium, Chepauk, Chennai",Chennai,Punjab Kings,Sunrisers Hyderabad,Punjab Kings,bat,Sunrisers Hyderabad,,9.0,JM Bairstow,2021,0
1254072,2021,2021-04-21,"Wankhede Stadium, Mumbai",Mumbai,Chennai Super Kings,Kolkata Knight Riders,Kolkata Knight Riders,field,Chennai Super Kings,18.0,,F du Plessis,2021,0
1254073,2021,2021-04-22,"Wankhede Stadium, Mumbai",Mumbai,Rajasthan Royals,Royal Challengers Bangalore,Royal Challengers Bangalore,field,Royal Challengers Bangalore,,10.0,D Padikkal,2021,1
1254074,2021,2021-04-23,"MA Chidambaram Stadium, Chepauk, Chennai",Chennai,Mumbai Indians,Punjab Kings,Punjab Kings,field,Punjab Kings,,9.0,KL Rahul,2021,1
1254075,2021,2021-04-24,"Wankhede Stadium, Mumbai",Mumbai,Kolkata Knight Riders,Rajasthan Royals,Rajasthan Royals,field,Rajasthan Royals,,6.0,CH Morris,2021,1
1254076,2021,2021-04-25,"Wankhede Stadium, Mumbai",Mumbai,Chennai Super Kings,Royal Challengers Bangalore,Chennai Super Kings,bat,Chennai Super Kings,69.0,,RA Jadeja,2021,1
1254077,2021,2021-04-25,"MA Chidambaram Stadium, Chepauk, Chennai",Chennai,Delhi Capitals,Sunrisers Hyderabad,Delhi Capitals,bat,,,,PP Shaw,2021,0
1254078,2021,2021-04-26,"Narendra Modi Stadium, Ahmedabad",Ahmedabad,Punjab Kings,Kolkata Knight Riders,Kolkata Knight Riders,field,Kolkata Knight Riders,,5.0,EJG Morgan,2021,1
1254079,2021,2021-04-27,"Narendra Modi Stadium, Ahmedabad",Ahmedabad,Royal Challengers Bangalore,Delhi Capitals,Delhi Capitals,field,Royal Challengers Bangalore,1.0,,AB de Villiers,2021,0
1254080,2021,2021-04-28,"Arun Jaitley Stadium, Delhi",Delhi,Sunrisers Hyderabad,Chennai Super Kings,Sunrisers Hyderabad,bat,Chennai Super Kings,,7.0,RD Gaikwad,2021,0
1254081,2021,2021-04-29,"Arun Jaitley Stadium, Delhi",Delhi,Rajasthan Royals,Mumbai Indians,Mumbai Indians,field,Mumbai Indians,,7.0,Q de Kock,2021,1
1254082,2021,2021-04-29,"Narendra Modi Stadium, Ahmedabad",Ahmedabad,Kolkata Knight Riders,Delhi Capitals,Delhi Capitals,field,Delhi Capitals,,7.0,PP Shaw,2021,1
1254083,2021,2021-04-30,"Narendra Modi Stadium, Ahmedabad",Ahmedabad,Punjab Kings,Royal Challengers Bangalore,Royal Challengers Bangalore,field,Punjab Kings,34.0,,Harpreet Brar,2021,0
1254084,2021,2021-05-01,"Arun Jaitley Stadium, Delhi",Delhi,Chennai Super Kings,Mumbai Indians,Mumbai Indians,field,Mumbai Indians,,4.0,KA Pollard,2021,1
1254085,2021,2021-05-02,"Arun Jaitley Stadium, Delhi",Delhi,Rajasthan Royals,Sunrisers Hyderabad,Sunrisers Hyderabad,field,Rajasthan Royals,55.0,,JC Buttler,2021,0
1254086,2021,2021-05-02,"Narendra Modi Stadium, Ahmedabad",Ahmedabad,Punjab Kings,Delhi Capitals,Delhi Capitals,field,Delhi Capitals,,7.0,MA Agarwal,2021,1
1254087,2021,2021-09-20,"Zayed Cricket Stadium, Abu Dhabi",Abu Dhabi,Royal Challengers Bangalore,Kolkata Knight Riders,Royal Challengers Bangalore,bat,Kolkata Knight Riders,,9.0,CV Varun,2021,0
1254088,2021,2021-10-08,"Zayed Cricket Stadium, Abu Dhabi",Abu Dhabi,Mumbai Indians,Sunrisers Hyderabad,Mumbai Indians,bat,Mumbai Indians,42.0,,Ishan Kishan,2021,1
1254089,2021,2021-10-02,"Zayed Cricket Stadium, Abu Dhabi",Abu Dhabi,Chennai Super Kings,Rajasthan Royals,Rajasthan Royals,field,Rajasthan Royals,,7.0,RD Gaikwad,2021,1
1254090,2021,2021-10-03,Sharjah Cricket Stadium,Sharjah,Royal Challengers Bangalore,Punjab Kings,Royal Challengers Bangalore,bat,Royal Challengers Bangalore,6.0,,GJ Maxwell,2021,1
1254091,2021,2021-09-30,Sharjah Cricket Stadium,Sharjah,Sunrisers Hyderabad,Chennai Super Kings,Chennai Super Kings,field,Chennai Super Kings,,6.0,JR Hazlewood,2021,1
1254092,2021,2021-09-28,Sharjah Cricket Stadium,Sharjah,Delhi Capitals,Kolkata Knight Riders,Kolkata Knight Riders,field,Kolkata Knight Riders,,3.0,SP Narine,2021,1
1254093,2021,2021-10-05,Sharjah Cricket Stadium,Sharjah,Rajasthan Royals,Mumbai Indians,Mumbai Indians,field,Mumbai Indians,,8.0,NM Coulter-Nile,2021,1
1254094,2021,2021-10-07,Dubai International Cricket Stadium,Dubai,Chennai Super Kings,Punjab Kings,Punjab Kings,field,Punjab Kings,,6.0,KL Rahul,2021,1
1254095,2021,2021-10-06,"Zayed Cricket Stadium, Abu Dhabi",Abu Dhabi,Sunrisers Hyderabad,Royal Challengers Bangalore,Royal Challengers Bangalore,field,Sunrisers Hyderabad,4.0,,KS Williamson,2021,0
1254096,2021,2021-09-23,"Zayed Cricket Stadium, Abu Dhabi",Abu Dhabi,Mumbai Indians,Kolkata Knight Riders,Kolkata Knight Riders,field,Kolkata Knight Riders,,7.0,SP Narine,2021,1
1254097,2021,2021-09-25,"Zayed Cricket Stadium, Abu Dhabi",Abu Dhabi,Delhi Capitals,Rajasthan Royals,Rajasthan Royals,field,Delhi Capitals,33.0,,SS Iyer,2021,0
1254098,2021,2021-09-26,"Zayed Cricket Stadium, Abu Dhabi",Abu Dhabi,Kolkata Knight Riders,Chennai Super Kings,Kolkata Knight Riders,bat,Chennai Super Kings,,2.0,RA Jadeja,2021,0
1254099,2021,2021-09-28,"Zayed Cricket Stadium, Abu Dhabi",Abu Dhabi,Punjab Kings,Mumbai Indians,Mumbai Indians,field,Mumbai Indians,,6.0,KA Pollard,2021,1
1254100,2021,2021-09-27,Dubai International Cricket Stadium,Dubai,Rajasthan Royals,Sunrisers Hyderabad,Rajasthan Royals,bat,Sunrisers Hyderabad,,7.0,JJ Roy,2021,0
1254101,2021,2021-10-08,Dubai International Cricket Stadium,Dubai,Delhi Capitals,Royal Challengers Bangalore,Royal Challengers Bangalore,field,Royal Challengers Bangalore,,7.0,KS Bharat,2021,1
1254102,2021,2021-10-01,Dubai International Cricket Stadium,Dubai,Kolkata Knight Riders,Punjab Kings,Punjab Kings,field,Punjab Kings,,5.0,KL Rahul,2021,1
1254103,2021,2021-09-29,Dubai International Cricket Stadium,Dubai,Rajasthan Royals,Royal Challengers Bangalore,Royal Challengers Bangalore,field,Royal Challengers Bangalore,,7.0,YS Chahal,2021,1
1254104,2021,2021-09-19,Dubai International Cricket Stadium,Dubai,Chennai Super Kings,Mumbai Indians,Chennai Super Kings,bat,Chennai Super Kings,20.0,,RD Gaikwad,2021,1
1254105,2021,2021-09-22,Dubai International Cricket Stadium,Dubai,Sunrisers Hyderabad,Delhi Capitals,Sunrisers Hyderabad,bat,Delhi Capitals,,8.0,A Nortje,2021,0
1254106,2021,2021-10-07,Sharjah Cricket Stadium,Sharjah,Kolkata Knight Riders,Rajasthan Royals,Rajasthan Royals,field,Kolkata Knight Riders,86.0,,Shivam Mavi,2021,0
1254107,2021,2021-09-25,Sharjah Cricket Stadium,Sharjah,Punjab Kings,Sunrisers Hyderabad,Sunrisers Hyderabad,field,Punjab Kings,5.0,,JO Holder,2021,0
1254108,2021,2021-09-26,Dubai International Cricket Stadium,Dubai,Royal Challengers Bangalore,Mumbai Indians,Mumbai Indians,field,Royal Challengers Bangalore,54.0,,GJ Maxwell,2021,0
1254109,2021,2021-10-03,Dubai International Cricket Stadium,Dubai,Sunrisers Hyderabad,Kolkata Knight Riders,Sunrisers Hyderabad,bat,Kolkata Knight Riders,,6.0,Shubman Gill,2021,0
1254110,2021,2021-10-04,Dubai International Cricket Stadium,Dubai,Chennai Super Kings,Delhi Capitals,Delhi Capitals,field,Delhi Capitals,,3.0,AR Patel,2021,1
1254111,2021,2021-09-21,Dubai International Cricket Stadium,Dubai,Rajasthan Royals,Punjab Kings,Punjab Kings,field,Rajasthan Royals,2.0,,Kartik Tyagi,2021,0
1254112,2021,2021-10-02,Sharjah Cricket Stadium,Sharjah,Mumbai Indians,Delhi Capitals,Delhi Capitals,field,Delhi Capitals,,4.0,AR Patel,2021,1
1254113,2021,2021-09-24,Sharjah Cricket Stadium,Sharjah,Royal Challengers Bangalore,Chennai Super Kings,Chennai Super Kings,field,Chennai Super Kings,,6.0,DJ Bravo,2021,1
1254114,2021,2021-10-10,Dubai International Cricket Stadium,Dubai,Delhi Capitals,Chennai Super Kings,Chennai Super Kings,field,Chennai Super Kings,,4.0,RD Gaikwad,2021,1
1254115,2021,2021-10-11,Sharjah Cricket Stadium,Sharjah,Royal Challengers Bangalore,Kolkata Knight Riders,Royal Challengers Bangalore,bat,Kolkata Knight Riders,,4.0,SP Narine,2021,0
1254116,2021,2021-10-13,Sharjah Cricket Stadium,Sharjah,Delhi Capitals,Kolkata Knight Riders,Kolkata Knight Riders,field,Kolkata Knight Riders,,3.0,VR Iyer,2021,1
1254117,2021,2021-10-15,Dubai International Cricket Stadium,Dubai,Chennai Super Kings,Kolkata Knight Riders,Kolkata Knight Riders,field,Chennai Super Kings,27.0,,F du Plessis,2021,0
1304047,2022,2022-03-26,"Wankhede Stadium, Mumbai",Mumbai,Chennai Super Kings,Kolkata Knight Riders,Kolkata Knight Riders,field,Kolkata Knight Riders,,6.0,UT Yadav,2022,1
1304048,2022,2022-03-27,"Brabourne Stadium, Mumbai",Mumbai,Mumbai Indians,Delhi Capitals,Delhi Capitals,field,Delhi Capitals,,4.0,Kuldeep Yadav,2022,1
1304049,2022,2022-03-27,"Dr DY Patil Sports Academy, Mumbai",Mumbai,Royal Challengers Bangalore,Punjab Kings,Punjab Kings,field,Punjab Kings,,5.0,OF Smith,2022,1
1304050,2022,2022-03-28,"Wankhede Stadium, Mumbai",Mumbai,Lucknow Super Giants,Gujarat Titans,Gujarat Titans,field,Gujarat Titans,,5.0,Mohammed Shami,2022,1
1304051,2022,2022-03-29,"Maharashtra Cricket Association Stadium, Pune",Pune,Rajasthan Royals,Sunrisers Hyderabad,Sunrisers Hyderabad,field,Rajasthan Royals,61.0,,SV Samson,2022,0
1304052,2022,2022-03-30,"Dr DY Patil Sports Academy, Mumbai",Mumbai,Kolkata Knight Riders,Royal Challengers Bangalore,Royal Challengers Bangalore,field,Royal Challengers Bangalore,,3.0,PWH de Silva,2022,1
1304053,2022,2022-03-31,"Brabourne Stadium, Mumbai",Mumbai,Chennai Super Kings,Lucknow Super Giants,Lucknow Super Giants,field,Lucknow Super Giants,,6.0,E Lewis,2022,1
1304054,2022,2022-04-01,"Wankhede Stadium, Mumbai",Mumbai,Punjab Kings,Kolkata Knight Riders,Kolkata Knight Riders,field,Kolkata Knight Riders,,6.0,UT Yadav,2022,1
1304055,2022,2022-04-02,"Dr DY Patil Sports Academy, Mumbai",Mumbai,Rajasthan Royals,Mumbai Indians,Mumbai Indians,field,Rajasthan Royals,23.0,,JC Buttler,2022,0
1304056,2022,2022-04-02,"Maharashtra Cricket Association Stadium, Pune",Pune,Gujarat Titans,Delhi Capitals,Delhi Capitals,field,Gujarat Titans,14.0,,LH Ferguson,2022,0
1304057,2022,2022-04-03,"Brabourne Stadium, Mumbai",Mumbai,Punjab Kings,Chennai Super Kings,Chennai Super Kings,field,Punjab Kings,54.0,,LS Livingstone,2022,0
1304058,2022,2022-04-04,"Dr DY Patil Sports Academy, Mumbai",Mumbai,Lucknow Super Giants,Sunrisers Hyderabad,Sunrisers Hyderabad,field,Lucknow Super Giants,12.0,,Avesh Khan,2022,0
1304059,2022,2022-04-05,"Wankhede Stadium, Mumbai",Mumbai,Rajasthan Royals,Royal Challengers Bangalore,Royal Challengers Bangalore,field,Royal Challengers Bangalore,,4.0,KD Karthik,2022,1
1304060,2022,2022-04-06,"Maharashtra Cricket Association Stadium, Pune",Pune,Mumbai Indians,Kolkata Knight Riders,Kolkata Knight Riders,field,Kolkata Knight Riders,,5.0,PJ Cummins,2022,1
1304061,2022,2022-04-07,"Dr DY Patil Sports Academy, Mumbai",Mumbai,Delhi Capitals,Lucknow Super Giants,Lucknow Super Giants,field,Lucknow Super Giants,,6.0,Q de Kock,2022,1
1304062,2022,2022-04-08,"Brabourne Stadium, Mumbai",Mumbai,Punjab Kings,Gujarat Titans,Gujarat Titans,field,Gujarat Titans,,6.0,Shubman Gill,2022,1
1304063,2022,2022-04-09,"Dr DY Patil Sports Academy, Mumbai",Mumbai,Chennai Super Kings,Sunrisers Hyderabad,Sunrisers Hyderabad,field,Sunrisers Hyderabad,,8.0,Abhishek Sharma,2022,1
1304064,2022,2022-04-09,"Maharashtra Cricket Association Stadium, Pune",Pune,Mumbai Indians,Royal Challengers Bangalore,Royal Challengers Bangalore,field,Royal Challengers Bangalore,,7.0,Anuj Rawat,2022,1
1304065,2022,2022-04-10,"Brabourne Stadium, Mumbai",Mumbai,Delhi Capitals,Kolkata Knight Riders,Kolkata Knight Riders,field,Delhi Capitals,44.0,,Kuldeep Yadav,2022,0
1304066,2022,2022-04-10,"Wankhede Stadium, Mumbai",Mumbai,Rajasthan Royals,Lucknow Super Giants,Lucknow Super Giants,field,Rajasthan Royals,3.0,,YS Chahal,2022,0
1304067,2022,2022-04-11,"Dr DY Patil Sports Academy, Mumbai",Mumbai,Gujarat Titans,Sunrisers Hyderabad,Sunrisers Hyderabad,field,Sunrisers Hyderabad,,8.0,KS Williamson,2022,1
1304068,2022,2022-04-12,"Dr DY Patil Sports Academy, Mumbai",Mumbai,Chennai Super Kings,Royal Challengers Bangalore,Royal Challengers Bangalore,field,Chennai Super Kings,23.0,,S Dube,2022,0
1304069,2022,2022-04-13,"Maharashtra Cricket Association Stadium, Pune",Pune,Punjab Kings,Mumbai Indians,Mumbai Indians,field,Punjab Kings,12.0,,MA Agarwal,2022,0
1304070,2022,2022-04-14,"Dr DY Patil Sports Academy, Mumbai",Mumbai,Gujarat Titans,Rajasthan Royals,Rajasthan Royals,field,Gujarat Titans,37.0,,HH Pandya,2022,0
1304071,2022,2022-04-15,"Brabourne Stadium, Mumbai",Mumbai,Kolkata Knight Riders,Sunrisers Hyderabad,Sunrisers Hyderabad,field,Sunrisers Hyderabad,,7.0,RA Tripathi,2022,1
1304072,2022,2022-04-16,"Brabourne Stadium, Mumbai",Mumbai,Lucknow Super Giants,Mumbai Indians,Mumbai Indians,field,Lucknow Super Giants,18.0,,KL Rahul,2022,0
1304073,2022,2022-04-16,"Wankhede Stadium, Mumbai",Mumbai,Royal Challengers Bangalore,Delhi Capitals,Delhi Capitals,field,Royal Challengers Bangalore,16.0,,KD Karthik,2022,0
1304074,2022,2022-04-17,"Dr DY Patil Sports Academy, Mumbai",Mumbai,Punjab Kings,Sunrisers Hyderabad,Sunrisers Hyderabad,field,Sunrisers Hyderabad,,7.0,Umran Malik,2022,1
1304075,2022,2022-04-17,"Maharashtra Cricket Association Stadium, Pune",Pune,Chennai Super Kings,Gujarat Titans,Gujarat Titans,field,Gujarat Titans,,3.0,DA Miller,2022,1
1304076,2022,2022-04-18,"Brabourne Stadium, Mumbai",Mumbai,Rajasthan Royals,Kolkata Knight Riders,Kolkata Knight Riders,field,Rajasthan Royals,7.0,,YS Chahal,2022,0
1304077,2022,2022-04-19,"Dr DY Patil Sports Academy, Mumbai",Mumbai,Royal Challengers Bangalore,Lucknow Super Giants,Lucknow Super Giants,field,Royal Challengers Bangalore,18.0,,F du Plessis,2022,0
1304078,2022,2022-04-20,"Brabourne Stadium, Mumbai",Mumbai,Punjab Kings,Delhi Capitals,Delhi Capitals,field,Delhi Capitals,,9.0,Kuldeep Yadav,2022,1
1304079,2022,2022-04-21,"Dr DY Patil Sports Academy, Mumbai",Navi Mumbai,Mumbai Indians,Chennai Super Kings,Chennai Super Kings,field,Chennai Super Kings,,3.0,Mukesh Choudhary,2022,1
1304080,2022,2022-04-22,"Wankhede Stadium, Mumbai",Mumbai,Rajasthan Royals,Delhi Capitals,Delhi Capitals,field,Rajasthan Royals,15.0,,JC Buttler,2022,0
1304081,2022,2022-04-23,"Dr DY Patil Sports Academy, Mumbai",Navi Mumbai,Gujarat Titans,Kolkata Knight Riders,Gujarat Titans,bat,Gujarat Titans,8.0,,Rashid Khan,2022,1
1304082,2022,2022-04-23,"Brabourne Stadium, Mumbai",Mumbai,Royal Challengers Bangalore,Sunrisers Hyderabad,Sunrisers Hyderabad,field,Sunrisers Hyderabad,,9.0,M Jansen,2022,1
1304083,2022,2022-04-24,"Wankhede Stadium, Mumbai",Mumbai,Lucknow Super Giants,Mumbai Indians,Mumbai Indians,field,Lucknow Super Giants,36.0,,KL Rahul,2022,0
1304084,2022,2022-04-25,"Wankhede Stadium, Mumbai",Mumbai,Punjab Kings,Chennai Super Kings,Chennai Super Kings,field,Punjab Kings,11.0,,S Dhawan,2022,0
1304085,2022,2022-04-26,"Maharashtra Cricket Association Stadium, Pune",Pune,Rajasthan Royals,Royal Challengers Bangalore,Royal Challengers Bangalore,field,Rajasthan Royals,29.0,,R Parag,2022,0
1304086,2022,2022-04-27,"Wankhede Stadium, Mumbai",Mumbai,Sunrisers Hyderabad,Gujarat Titans,Gujarat Titans,field,Gujarat Titans,,5.0,Umran Malik,2022,1
1304087,2022,2022-04-28,"Wankhede Stadium, Mumbai",Mumbai,Kolkata Knight Riders,Delhi Capitals,Delhi Capitals,field,Delhi Capitals,,4.0,Kuldeep Yadav,2022,1
1304088,2022,2022-04-29,"Maharashtra Cricket Association Stadium, Pune",Pune,Lucknow Super Giants,Punjab Kings,Punjab Kings,field,Lucknow Super Giants,20.0,,KH Pandya,2022,0
1304089,2022,2022-04-30,"Brabourne Stadium, Mumbai",Mumbai,Royal Challengers Bangalore,Gujarat Titans,Royal Challengers Bangalore,bat,Gujarat Titans,,6.0,R Tewatia,2022,0
1304090,2022,2022-04-30,"Dr DY Patil Sports Academy, Mumbai",Navi Mumbai,Rajasthan Royals,Mumbai Indians,Mumbai Indians,field,Mumbai Indians,,5.0,SA Yadav,2022,1
1304091,2022,2022-05-01,"Wankhede Stadium, Mumbai",Mumbai,Lucknow Super Giants,Delhi Capitals,Lucknow Super Giants,bat,Lucknow Super Giants,6.0,,Mohsin Khan,2022,1
1304092,2022,2022-05-01,"Maharashtra Cricket Association Stadium, Pune",Pune,Chennai Super Kings,Sunrisers Hyderabad,Sunrisers Hyderabad,field,Chennai Super Kings,13.0,,RD Gaikwad,2022,0
1304093,2022,2022-05-02,"Wankhede Stadium, Mumbai",Mumbai,Rajasthan Royals,Kolkata Knight Riders,Kolkata Knight Riders,field,Kolkata Knight Riders,,7.0,RK Singh,2022,1
1304094,2022,2022-05-03,"Dr DY Patil Sports Academy, Mumbai",Navi Mumbai,Gujarat Titans,Punjab Kings,Gujarat Titans,bat,Punjab Kings,,8.0,K Rabada,2022,0
1304095,2022,2022-05-04,"Maharashtra Cricket Association Stadium, Pune",Pune,Royal Challengers Bangalore,Chennai Super Kings,Chennai Super Kings,field,Royal Challengers Bangalore,13.0,,HV Patel,2022,0
1304096,2022,2022-05-05,"Brabourne Stadium, Mumbai",Mumbai,Delhi Capitals,Sunrisers Hyderabad,Sunrisers Hyderabad,field,Delhi Capitals,21.0,,DA Warner,2022,0
1304097,2022,2022-05-06,"Brabourne Stadium, Mumbai",Mumbai,Mumbai Indians,Gujarat Titans,Gujarat Titans,field,Mumbai Indians,5.0,,TH David,2022,0
1304098,2022,2022-05-07,"Wankhede Stadium, Mumbai",Mumbai,Punjab Kings,Rajasthan Royals,Punjab Kings,bat,Rajasthan Royals,,6.0,YBK Jaiswal,2022,0
1304099,2022,2022-05-07,"Maharashtra Cricket Association Stadium, Pune",Pune,Lucknow Super Giants,Kolkata Knight Riders,Kolkata Knight Riders,field,Lucknow Super Giants,75.0,,Avesh Khan,2022,0
1304100,2022,2022-05-08,"Wankhede Stadium, Mumbai",Mumbai,Royal Challengers Bangalore,Sunrisers Hyderabad,Royal Challengers Bangalore,bat,Royal Challengers Bangalore,67.0,,PWH de Silva,2022,1
1304101,2022,2022-05-08,"Dr DY Patil Sports Academy, Mumbai",Navi Mumbai,Chennai Super Kings,Delhi Capitals,Delhi Capitals,field,Chennai Super Kings,91.0,,DP Conway,2022,0
1304102,2022,2022-05-09,"Dr DY Patil Sports Academy, Mumbai",Navi Mumbai,Kolkata Knight Riders,Mumbai Indians,Mumbai Indians,field,Kolkata Knight Riders,52.0,,JJ Bumrah,2022,0
1304103,2022,2022-05-10,"Maharashtra Cricket Association Stadium, Pune",Pune,Gujarat Titans,Lucknow Super Giants,Gujarat Titans,bat,Gujarat Titans,62.0,,Shubman Gill,2022,1
1304104,2022,2022-05-11,"Dr DY Patil Sports Academy, Mumbai",Navi Mumbai,Rajasthan Royals,Delhi Capitals,Delhi Capitals,field,Delhi Capitals,,8.0,MR Marsh,2022,1
1304105,2022,2022-05-12,"Wankhede Stadium, Mumbai",Mumbai,Chennai Super Kings,Mumbai Indians,Mumbai Indians,field,Mumbai Indians,,5.0,DR Sams,2022,1
1304106,2022,2022-05-13,"Brabourne Stadium, Mumbai",Mumbai,Punjab Kings,Royal Challengers Bangalore,Royal Challengers Bangalore,field,Punjab Kings,54.0,,JM Bairstow,2022,0
1304107,2022,2022-05-14,"Maharashtra Cricket Association Stadium, Pune",Pune,Kolkata Knight Riders,Sunrisers Hyderabad,Kolkata Knight Riders,bat,Kolkata Knight Riders,54.0,,AD Russell,2022,1
1304108,2022,2022-05-15,"Wankhede Stadium, Mumbai",Mumbai,Chennai Super Kings,Gujarat Titans,Chennai Super Kings,bat,Gujarat Titans,,7.0,WP Saha,2022,0
1304109,2022,2022-05-15,"Brabourne Stadium, Mumbai",Mumbai,Rajasthan Royals,Lucknow Super Giants,Rajasthan Royals,bat,Rajasthan Royals,24.0,,TA Boult,2022,1
1304110,2022,2022-05-16,"Dr DY Patil Sports Academy, Mumbai",Navi Mumbai,Delhi Capitals,Punjab Kings,Punjab Kings,field,Delhi Capitals,17.0,,SN Thakur,2022,0
1304111,2022,2022-05-17,"Wankhede Stadium, Mumbai",Mumbai,Sunrisers Hyderabad,Mumbai Indians,Mumbai Indians,field,Sunrisers Hyderabad,3.0,,RA Tripathi,2022,0
1304112,2022,2022-05-18,"Dr DY Patil Sports Academy, Mumbai",Navi Mumbai,Lucknow Super Giants,Kolkata Knight Riders,Lucknow Super Giants,bat,Lucknow Super Giants,2.0,,Q de Kock,2022,1
1304113,2022,2022-05-19,"Wankhede Stadium, Mumbai",Mumbai,Gujarat Titans,Royal Challengers Bangalore,Gujarat Titans,bat,Royal Challengers Bangalore,,8.0,V Kohli,2022,0
1304114,2022,2022-05-20,"Brabourne Stadium, Mumbai",Mumbai,Chennai Super Kings,Rajasthan Royals,Chennai Super Kings,bat,Rajasthan Royals,,5.0,R Ashwin,2022,0
1304115,2022,2022-05-21,"Wankhede Stadium, Mumbai",Mumbai,Delhi Capitals,Mumbai Indians,Mumbai Indians,field,Mumbai Indians,,5.0,JJ Bumrah,2022,1
1304116,2022,2022-05-22,"Wankhede Stadium, Mumbai",Mumbai,Sunrisers Hyderabad,Punjab Kings,Sunrisers Hyderabad,bat,Punjab Kings,,5.0,Harpreet Brar,2022,0
1312197,2022,2022-05-24,"Eden Gardens, Kolkata",Kolkata,Rajasthan Royals,Gujarat Titans,Gujarat Titans,field,Gujarat Titans,,7.0,DA Miller,2022,1
1312198,2022,2022-05-25,"Eden Gardens, Kolkata",Kolkata,Royal Challengers Bangalore,Lucknow Super Giants,Lucknow Super Giants,field,Royal Challengers Bangalore,14.0,,RM Patidar,2022,0
1312199,2022,2022-05-27,"Narendra Modi Stadium, Ahmedabad",Ahmedabad,Royal Challengers Bangalore,Rajasthan Royals,Rajasthan Royals,field,Rajasthan Royals,,7.0,JC Buttler,2022,1
1312200,2022,2022-05-29,"Narendra Modi Stadium, Ahmedabad",Ahmedabad,Rajasthan Royals,Gujarat Titans,Rajasthan Royals,bat,Gujarat Titans,,7.0,HH Pandya,2022,0
1359475,2023,2023-03-31,"Narendra Modi Stadium, Ahmedabad",Ahmedabad,Chennai Super Kings,Gujarat Titans,Gujarat Titans,field,Gujarat Titans,,5.0,Rashid Khan,2023,1
1359476,2023,2023-04-01,"Punjab Cricket Association IS Bindra Stadium, Mohali, Chandigarh",Chandigarh,Punjab Kings,Kolkata Knight Riders,Kolkata Knight Riders,field,Punjab Kings,7.0,,Arshdeep Singh,2023,0
1359477,2023,2023-04-01,"Bharat Ratna Shri Atal Bihari Vajpayee Ekana Cricket Stadium, Lucknow",Lucknow,Lucknow Super Giants,Delhi Capitals,Delhi Capitals,field,Lucknow Super Giants,50.0,,MA Wood,2023,0
1359478,2023,2023-04-02,"Rajiv Gandhi International Stadium, Uppal, Hyderabad",Hyderabad,Rajasthan Royals,Sunrisers Hyderabad,Sunrisers Hyderabad,field,Rajasthan Royals,72.0,,JC Buttler,2023,0
1359479,2023,2023-04-02,"M Chinnaswamy Stadium, Bengaluru",Bengaluru,Mumbai Indians,Royal Challengers Bangalore,Royal Challengers Bangalore,field,Royal Challengers Bangalore,,8.0,F du Plessis,2023,1
1359480,2023,2023-04-03,"MA Chidambaram Stadium, Chepauk, Chennai",Chennai,Chennai Super Kings,Lucknow Super Giants,Lucknow Super Giants,field,Chennai Super Kings,12.0,,MM Ali,2023,0
1359481,2023,2023-04-04,"Arun Jaitley Stadium, Delhi",Delhi,Delhi Capitals,Gujarat Titans,Gujarat Titans,field,Gujarat Titans,,6.0,B Sai Sudharsan,2023,1
1359482,2023,2023-04-05,"Barsapara Cricket Stadium, Guwahati",Guwahati,Punjab Kings,Rajasthan Royals,Rajasthan Royals,field,Punjab Kings,5.0,,NT Ellis,2023,0
1359483,2023,2023-04-06,"Eden Gardens, Kolkata",Kolkata,Kolkata Knight Riders,Royal Challengers Bangalore,Royal Challengers Bangalore,field,Kolkata Knight Riders,81.0,,SN Thakur,2023,0
1359484,2023,2023-04-07,"Bharat Ratna Shri Atal Bihari Vajpayee Ekana Cricket Stadium, Lucknow",Lucknow,Sunrisers Hyderabad,Lucknow Super Giants,Sunrisers Hyderabad,bat,Lucknow Super Giants,,5.0,KH Pandya,2023,0
1359485,2023,2023-04-08,"Barsapara Cricket Stadium, Guwahati",Guwahati,Rajasthan Royals,Delhi Capitals,Delhi Capitals,field,Rajasthan Royals,57.0,,YBK Jaiswal,2023,0
1359486,2023,2023-04-08,"Wankhede Stadium, Mumbai",Mumbai,Mumbai Indians,Chennai Super Kings,Chennai Super Kings,field,Chennai Super Kings,,7.0,RA Jadeja,2023,1
1359487,2023,2023-04-09,"Narendra Modi Stadium, Ahmedabad",Ahmedabad,Gujarat Titans,Kolkata Knight Riders,Gujarat Titans,bat,Kolkata Knight Riders,,3.0,RK Singh,2023,0
1359488,2023,2023-04-09,"Rajiv Gandhi International Stadium, Uppal, Hyderabad",Hyderabad,Punjab Kings,Sunrisers Hyderabad,Sunrisers Hyderabad,field,Sunrisers Hyderabad,,8.0,S Dhawan,2023,1
1359489,2023,2023-04-10,"M Chinnaswamy Stadium, Bengaluru",Bengaluru,Royal Challengers Bangalore,Lucknow Super Giants,Lucknow Super Giants,field,Lucknow Super Giants,,1.0,N Pooran,2023,1
1359490,2023,2023-04-11,"Arun Jaitley Stadium, Delhi",Delhi,Delhi Capitals,Mumbai Indians,Mumbai Indians,field,Mumbai Indians,,6.0,RG Sharma,2023,1
1359491,2023,2023-04-12,"MA Chidambaram Stadium, Chepauk, Chennai",Chennai,Rajasthan Royals,Chennai Super Kings,Chennai Super Kings,field,Rajasthan Royals,3.0,,R Ashwin,2023,0
1359492,2023,2023-04-13,"Punjab Cricket Association IS Bindra Stadium, Mohali, Chandigarh",Chandigarh,Punjab Kings,Gujarat Titans,Gujarat Titans,field,Gujarat Titans,,6.0,MM Sharma,2023,1
1359493,2023,2023-04-14,"Eden Gardens, Kolkata",Kolkata,Sunrisers Hyderabad,Kolkata Knight Riders,Kolkata Knight Riders,field,Sunrisers Hyderabad,23.0,,HC Brook,2023,0
1359494,2023,2023-04-15,"M Chinnaswamy Stadium, Bengaluru",Bengaluru,Royal Challengers Bangalore,Delhi Capitals,Delhi Capitals,field,Royal Challengers Bangalore,23.0,,V Kohli,2023,0
1359495,2023,2023-04-15,"Bharat Ratna Shri Atal Bihari Vajpayee Ekana Cricket Stadium, Lucknow",Lucknow,Lucknow Super Giants,Punjab Kings,Punjab Kings,field,Punjab Kings,,2.0,Sikandar Raza,2023,1
1359496,2023,2023-04-16,"Wankhede Stadium, Mumbai",Mumbai,Kolkata Knight Riders,Mumbai Indians,Mumbai Indians,field,Mumbai Indians,,5.0,VR Iyer,2023,1
1359497,2023,2023-04-16,"Narendra Modi Stadium, Ahmedabad",Ahmedabad,Gujarat Titans,Rajasthan Royals,Rajasthan Royals,field,Rajasthan Royals,,3.0,SO Hetmyer,2023,1
1359498,2023,2023-04-17,"M Chinnaswamy Stadium, Bengaluru",Bengaluru,Chennai Super Kings,Royal Challengers Bangalore,Royal Challengers Bangalore,field,Chennai Super Kings,8.0,,DP Conway,2023,0
1359499,2023,2023-04-18,"Rajiv Gandhi International Stadium, Uppal, Hyderabad",Hyderabad,Mumbai Indians,Sunrisers Hyderabad,Sunrisers Hyderabad,field,Mumbai Indians,14.0,,C Green,2023,0
1359500,2023,2023-04-19,"Sawai Mansingh Stadium, Jaipur",Jaipur,Lucknow Super Giants,Rajasthan Royals,Rajasthan Royals,field,Lucknow Super Giants,10.0,,MP Stoinis,2023,0
1359501,2023,2023-04-20,"Punjab Cricket Association IS Bindra Stadium, Mohali, Chandigarh",Chandigarh,Royal Challengers Bangalore,Punjab Kings,Punjab Kings,field,Royal Challengers Bangalore,24.0,,Mohammed Siraj,2023,0
1359502,2023,2023-04-20,"Arun Jaitley Stadium, Delhi",Delhi,Kolkata Knight Riders,Delhi Capitals,Delhi Capitals,field,Delhi Capitals,,4.0,I Sharma,2023,1
1359503,2023,2023-04-21,"MA Chidambaram Stadium, Chepauk, Chennai",Chennai,Sunrisers Hyderabad,Chennai Super Kings,Chennai Super Kings,field,Chennai Super Kings,,7.0,RA Jadeja,2023,1
1359504,2023,2023-04-22,"Bharat Ratna Shri Atal Bihari Vajpayee Ekana Cricket Stadium, Lucknow",Lucknow,Gujarat Titans,Lucknow Super Giants,Gujarat Titans,bat,Gujarat Titans,7.0,,MM Sharma,2023,1
1359505,2023,2023-04-22,"Wankhede Stadium, Mumbai",Mumbai,Punjab Kings,Mumbai Indians,Mumbai Indians,field,Punjab Kings,13.0,,SM Curran,2023,0
1359506,2023,2023-04-23,"M Chinnaswamy Stadium, Bengaluru",Bengaluru,Royal Challengers Bangalore,Rajasthan Royals,Rajasthan Royals,field,Royal Challengers Bangalore,7.0,,GJ Maxwell,2023,0
1359507,2023,2023-04-23,"Eden Gardens, Kolkata",Kolkata,Chennai Super Kings,Kolkata Knight Riders,Kolkata Knight Riders,field,Chennai Super Kings,49.0,,AM Rahane,2023,0
1359508,2023,2023-04-24,"Rajiv Gandhi International Stadium, Uppal, Hyderabad",Hyderabad,Delhi Capitals,Sunrisers Hyderabad,Delhi Capitals,bat,Delhi Capitals,7.0,,AR Patel,2023,1
1359509,2023,2023-04-25,"Narendra Modi Stadium, Ahmedabad",Ahmedabad,Gujarat Titans,Mumbai Indians,Mumbai Indians,field,Gujarat Titans,55.0,,A Manohar,2023,0
1359510,2023,2023-04-26,"M Chinnaswamy Stadium, Bengaluru",Bengaluru,Kolkata Knight Riders,Royal Challengers Bangalore,Royal Challengers Bangalore,field,Kolkata Knight Riders,21.0,,CV Varun,2023,0
1359511,2023,2023-04-27,"Sawai Mansingh Stadium, Jaipur",Jaipur,Rajasthan Royals,Chennai Super Kings,Rajasthan Royals,bat,Rajasthan Royals,32.0,,YBK Jaiswal,2023,1
1359512,2023,2023-04-28,"Punjab Cricket Association IS Bindra Stadium, Mohali, Chandigarh",Chandigarh,Lucknow Super Giants,Punjab Kings,Punjab Kings,field,Lucknow Super Giants,56.0,,MP Stoinis,2023,0
1359513,2023,2023-04-29,"Eden Gardens, Kolkata",Kolkata,Kolkata Knight Riders,Gujarat Titans,Gujarat Titans,field,Gujarat Titans,,7.0,J Little,2023,1
1359514,2023,2023-04-29,"Arun Jaitley Stadium, Delhi",Delhi,Sunrisers Hyderabad,Delhi Capitals,Sunrisers Hyderabad,bat,Sunrisers Hyderabad,9.0,,MR Marsh,2023,1
1359515,2023,2023-04-30,"MA Chidambaram Stadium, Chepauk, Chennai",Chennai,Chennai Super Kings,Punjab Kings,Chennai Super Kings,bat,Punjab Kings,,4.0,DP Conway,2023,0
1359516,2023,2023-04-30,"Wankhede Stadium, Mumbai",Mumbai,Rajasthan Royals,Mumbai Indians,Rajasthan Royals,bat,Mumbai Indians,,6.0,YBK Jaiswal,2023,0
1359517,2023,2023-05-01,"Bharat Ratna Shri Atal Bihari Vajpayee Ekana Cricket Stadium, Lucknow",Lucknow,Royal Challengers Bangalore,Lucknow Super Giants,Royal Challengers Bangalore,bat,Royal Challengers Bangalore,18.0,,F du Plessis,2023,1
1359518,2023,2023-05-02,"Narendra Modi Stadium, Ahmedabad",Ahmedabad,Delhi Capitals,Gujarat Titans,Delhi Capitals,bat,Delhi Capitals,5.0,,Mohammed Shami,2023,1
1359519,2023,2023-05-03,"Bharat Ratna Shri Atal Bihari Vajpayee Ekana Cricket Stadium, Lucknow",Lucknow,Lucknow Super Giants,Chennai Super Kings,Chennai Super Kings,field,,,,,2023,0
1359520,2023,2023-05-03,"Punjab Cricket Association IS Bindra Stadium, Mohali, Chandigarh",Chandigarh,Punjab Kings,Mumbai Indians,Mumbai Indians,field,Mumbai Indians,,6.0,Ishan Kishan,2023,1
1359521,2023,2023-05-04,"Rajiv Gandhi International Stadium, Uppal, Hyderabad",Hyderabad,Kolkata Knight Riders,Sunrisers Hyderabad,Kolkata Knight Riders,bat,Kolkata Knight Riders,5.0,,CV Varun,2023,1
1359522,2023,2023-05-05,"Sawai Mansingh Stadium, Jaipur",Jaipur,Rajasthan Royals,Gujarat Titans,Rajasthan Royals,bat,Gujarat Titans,,9.0,Rashid Khan,2023,0
1359523,2023,2023-05-06,"MA Chidambaram Stadium, Chepauk, Chennai",Chennai,Mumbai Indians,Chennai Super Kings,Chennai Super Kings,field,Chennai Super Kings,,6.0,M Pathirana,2023,1
1359524,2023,2023-05-06,"Arun Jaitley Stadium, Delhi",Delhi,Royal Challengers Bangalore,Delhi Capitals,Royal Challengers Bangalore,bat,Delhi Capitals,,7.0,PD Salt,2023,0
1359525,2023,2023-05-07,"Narendra Modi Stadium, Ahmedabad",Ahmedabad,Gujarat Titans,Lucknow Super Giants,Lucknow Super Giants,field,Gujarat Titans,56.0,,Shubman Gill,2023,0
1359526,2023,2023-05-07,"Sawai Mansingh Stadium, Jaipur",Jaipur,Rajasthan Royals,Sunrisers Hyderabad,Rajasthan Royals,bat,Sunrisers Hyderabad,,4.0,GD Phillips,2023,0
1359527,2023,2023-05-08,"Eden Gardens, Kolkata",Kolkata,Punjab Kings,Kolkata Knight Riders,Punjab Kings,bat,Kolkata Knight Riders,,5.0,AD Russell,2023,0
1359528,2023,2023-05-09,"Wankhede Stadium, Mumbai",Mumbai,Royal Challengers Bangalore,Mumbai Indians,Mumbai Indians,field,Mumbai Indians,,6.0,SA Yadav,2023,1
1359529,2023,2023-05-10,"MA Chidambaram Stadium, Chepauk, Chennai",Chennai,Chennai Super Kings,Delhi Capitals,Chennai Super Kings,bat,Chennai Super Kings,27.0,,RA Jadeja,2023,1
1359530,2023,2023-05-11,"Eden Gardens, Kolkata",Kolkata,Kolkata Knight Riders,Rajasthan Royals,Rajasthan Royals,field,Rajasthan Royals,,9.0,YBK Jaiswal,2023,1
1359531,2023,2023-05-12,"Wankhede Stadium, Mumbai",Mumbai,Mumbai Indians,Gujarat Titans,Gujarat Titans,field,Mumbai Indians,27.0,,SA Yadav,2023,0
1359532,2023,2023-05-13,"Rajiv Gandhi International Stadium, Uppal, Hyderabad",Hyderabad,Sunrisers Hyderabad,Lucknow Super Giants,Sunrisers Hyderabad,bat,Lucknow Super Giants,,7.0,PN Mankad,2023,0
1359533,2023,2023-05-13,"Arun Jaitley Stadium, Delhi",Delhi,Punjab Kings,Delhi Capitals,Delhi Capitals,field,Punjab Kings,31.0,,P Simran Singh,2023,0
1359534,2023,2023-05-14,"Sawai Mansingh Stadium, Jaipur",Jaipur,Royal Challengers Bangalore,Rajasthan Royals,Royal Challengers Bangalore,bat,Royal Challengers Bangalore,112.0,,WD Parnell,2023,1
1359535,2023,2023-05-14,"MA Chidambaram Stadium, Chepauk, Chennai",Chennai,Chennai Super Kings,Kolkata Knight Riders,Chennai Super Kings,bat,Kolkata Knight Riders,,6.0,RK Singh,2023,0
1359536,2023,2023-05-15,"Narendra Modi Stadium, Ahmedabad",Ahmedabad,Gujarat Titans,Sunrisers Hyderabad,Sunrisers Hyderabad,field,Gujarat Titans,34.0,,Shubman Gill,2023,0
1359537,2023,2023-05-16,"Bharat Ratna Shri Atal Bihari Vajpayee Ekana Cricket Stadium, Lucknow",Lucknow,Lucknow Super Giants,Mumbai Indians,Mumbai Indians,field,Lucknow Super Giants,5.0,,MP Stoinis,2023,0
1359538,2023,2023-05-17,"Himachal Pradesh Cricket Association Stadium, Dharamsala",Dharamsala,Delhi Capitals,Punjab Kings,Punjab Kings,field,Delhi Capitals,15.0,,RR Rossouw,2023,0
1359539,2023,2023-05-18,"Rajiv Gandhi International Stadium, Uppal, Hyderabad",Hyderabad,Sunrisers Hyderabad,Royal Challengers Bangalore,Royal Challengers Bangalore,field,Royal Challengers Bangalore,,8.0,V Kohli,2023,1
1359540,2023,2023-05-19,"Himachal Pradesh Cricket Association Stadium, Dharamsala",Dharamsala,Punjab Kings,Rajasthan Royals,Rajasthan Royals,field,Rajasthan Royals,,4.0,D Padikkal,2023,1
1359541,2023,2023-05-20,"Arun Jaitley Stadium, Delhi",Delhi,Chennai Super Kings,Delhi Capitals,Chennai Super Kings,bat,Chennai Super Kings,77.0,,RD Gaikwad,2023,1
1359542,2023,2023-05-20,"Eden Gardens, Kolkata",Kolkata,Lucknow Super Giants,Kolkata Knight Riders,Kolkata Knight Riders,field,Lucknow Super Giants,1.0,,N Pooran,2023,0
1359543,2023,2023-05-21,"Wankhede Stadium, Mumbai",Mumbai,Sunrisers Hyderabad,Mumbai Indians,Mumbai Indians,field,Mumbai Indians,,8.0,C Green,2023,1
1359544,2023,2023-05-21,"M Chinnaswamy Stadium, Bengaluru",Bengaluru,Royal Challengers Bangalore,Gujarat Titans,Gujarat Titans,field,Gujarat Titans,,6.0,Shubman Gill,2023,1
1370350,2023,2023-05-23,"MA Chidambaram Stadium, Chepauk, Chennai",Chennai,Chennai Super Kings,Gujarat Titans,Gujarat Titans,field,Chennai Super Kings,15.0,,RD Gaikwad,2023,0
1370351,2023,2023-05-24,"MA Chidambaram Stadium, Chepauk, Chennai",Chennai,Mumbai Indians,Lucknow Super Giants,Mumbai Indians,bat,Mumbai Indians,81.0,,Akash Madhwal,2023,1
1370352,2023,2023-05-26,"Narendra Modi Stadium, Ahmedabad",Ahmedabad,Gujarat Titans,Mumbai Indians,Mumbai Indians,field,Gujarat Titans,62.0,,Shubman Gill,2023,0
1370353,2023,2023-05-29,"Narendra Modi Stadium, Ahmedabad",Ahmedabad,Gujarat Titans,Chennai Super Kings,Chennai Super Kings,field,Chennai Super Kings,,5.0,DP Conway,2023,1
1422119,2024,2024-03-22,"MA Chidambaram Stadium, Chepauk, Chennai",Chennai,Royal Challengers Bengaluru,Chennai Super Kings,Royal Challengers Bengaluru,bat,Chennai Super Kings,,6.0,Mustafizur Rahman,2024,0
1422120,2024,2024-03-23,"Maharaja Yadavindra Singh International Cricket Stadium, Mullanpur",Mohali,Delhi Capitals,Punjab Kings,Punjab Kings,field,Punjab Kings,,4.0,SM Curran,2024,1
1422121,2024,2024-03-23,"Eden Gardens, Kolkata",Kolkata,Kolkata Knight Riders,Sunrisers Hyderabad,Sunrisers Hyderabad,field,Kolkata Knight Riders,4.0,,AD Russell,2024,0
1422122,2024,2024-03-24,"Sawai Mansingh Stadium, Jaipur",Jaipur,Rajasthan Royals,Lucknow Super Giants,Rajasthan Royals,bat,Rajasthan Royals,20.0,,SV Samson,2024,1
1422123,2024,2024-03-24,"Narendra Modi Stadium, Ahmedabad",Ahmedabad,Gujarat Titans,Mumbai Indians,Mumbai Indians,field,Gujarat Titans,6.0,,B Sai Sudharsan,2024,0
1422124,2024,2024-03-25,"M Chinnaswamy Stadium, Bengaluru",Bengaluru,Punjab Kings,Royal Challengers Bengaluru,Royal Challengers Bengaluru,field,Royal Challengers Bengaluru,,4.0,V Kohli,2024,1
1422125,2024,2024-03-26,"MA Chidambaram Stadium, Chepauk, Chennai",Chennai,Chennai Super Kings,Gujarat Titans,Gujarat Titans,field,Chennai Super Kings,63.0,,S Dube,2024,0
1422126,2024,2024-03-27,"Rajiv Gandhi International Stadium, Uppal, Hyderabad",Hyderabad,Sunrisers Hyderabad,Mumbai Indians,Mumbai Indians,field,Sunrisers Hyderabad,31.0,,Abhishek Sharma,2024,0
1422127,2024,2024-03-28,"Sawai Mansingh Stadium, Jaipur",Jaipur,Rajasthan Royals,Delhi Capitals,Delhi Capitals,field,Rajasthan Royals,12.0,,R Parag,2024,0
1422128,2024,2024-03-29,"M Chinnaswamy Stadium, Bengaluru",Bengaluru,Royal Challengers Bengaluru,Kolkata Knight Riders,Kolkata Knight Riders,field,Kolkata Knight Riders,,7.0,SP Narine,2024,1
1422129,2024,2024-03-30,"Bharat Ratna Shri Atal Bihari Vajpayee Ekana Cricket Stadium, Lucknow",Lucknow,Lucknow Super Giants,Punjab Kings,Lucknow Super Giants,bat,Lucknow Super Giants,21.0,,MP Yadav,2024,1
1422130,2024,2024-03-31,"Narendra Modi Stadium, Ahmedabad",Ahmedabad,Sunrisers Hyderabad,Gujarat Titans,Sunrisers Hyderabad,bat,Gujarat Titans,,7.0,MM Sharma,2024,0
1422131,2024,2024-03-31,"Dr. Y.S. Rajasekhara Reddy ACA-VDCA Cricket Stadium, Visakhapatnam",Visakhapatnam,Delhi Capitals,Chennai Super Kings,Delhi Capitals,bat,Delhi Capitals,20.0,,KK Ahmed,2024,1
1422132,2024,2024-04-01,"Wankhede Stadium, Mumbai",Mumbai,Mumbai Indians,Rajasthan Royals,Rajasthan Royals,field,Rajasthan Royals,,6.0,TA Boult,2024,1
1422133,2024,2024-04-02,"M Chinnaswamy Stadium, Bengaluru",Bengaluru,Lucknow Super Giants,Royal Challengers Bengaluru,Royal Challengers Bengaluru,field,Lucknow Super Giants,28.0,,MP Yadav,2024,0
1422134,2024,2024-04-03,"Dr. Y.S. Rajasekhara Reddy ACA-VDCA Cricket Stadium, Visakhapatnam",Visakhapatnam,Kolkata Knight Riders,Delhi Capitals,Kolkata Knight Riders,bat,Kolkata Knight Riders,106.0,,SP Narine,2024,1
1422135,2024,2024-04-04,"Narendra Modi Stadium, Ahmedabad",Ahmedabad,Gujarat Titans,Punjab Kings,Punjab Kings,field,Punjab Kings,,3.0,Shashank Singh,2024,1
1422136,2024,2024-04-05,"Rajiv Gandhi International Stadium, Uppal, Hyderabad",Hyderabad,Chennai Super Kings,Sunrisers Hyderabad,Sunrisers Hyderabad,field,Sunrisers Hyderabad,,6.0,Abhishek Sharma,2024,1
1422137,2024,2024-04-06,"Sawai Mansingh Stadium, Jaipur",Jaipur,Royal Challengers Bengaluru,Rajasthan Royals,Rajasthan Royals,field,Rajasthan Royals,,6.0,JC Buttler,2024,1
1422138,2024,2024-04-07,"Wankhede Stadium, Mumbai",Mumbai,Mumbai Indians,Delhi Capitals,Delhi Capitals,field,Mumbai Indians,29.0,,R Shepherd,2024,0
1422139,2024,2024-04-07,"Bharat Ratna Shri Atal Bihari Vajpayee Ekana Cricket Stadium, Lucknow",Lucknow,Lucknow Super Giants,Gujarat Titans,Lucknow Super Giants,bat,Lucknow Super Giants,33.0,,Yash Thakur,2024,1
1426260,2024,2024-04-08,"MA Chidambaram Stadium, Chepauk, Chennai",Chennai,Kolkata Knight Riders,Chennai Super Kings,Chennai Super Kings,field,Chennai Super Kings,,7.0,RA Jadeja,2024,1
1426261,2024,2024-04-09,"Maharaja Yadavindra Singh International Cricket Stadium, Mullanpur",Mohali,Sunrisers Hyderabad,Punjab Kings,Punjab Kings,field,Sunrisers Hyderabad,2.0,,Nithish Kumar Reddy,2024,0
1426262,2024,2024-04-10,"Sawai Mansingh Stadium, Jaipur",Jaipur,Rajasthan Royals,Gujarat Titans,Gujarat Titans,field,Gujarat Titans,,3.0,Rashid Khan,2024,1
1426263,2024,2024-04-11,"Wankhede Stadium, Mumbai",Mumbai,Royal Challengers Bengaluru,Mumbai Indians,Mumbai Indians,field,Mumbai Indians,,7.0,JJ Bumrah,2024,1
1426264,2024,2024-04-12,"Bharat Ratna Shri Atal Bihari Vajpayee Ekana Cricket Stadium, Lucknow",Lucknow,Lucknow Super Giants,Delhi Capitals,Lucknow Super Giants,bat,Delhi Capitals,,6.0,Kuldeep Yadav,2024,0
1426265,2024,2024-04-13,"Maharaja Yadavindra Singh International Cricket Stadium, Mullanpur",Mohali,Punjab Kings,Rajasthan Royals,Rajasthan Royals,field,Rajasthan Royals,,3.0,SO Hetmyer,2024,1
1426266,2024,2024-04-14,"Eden Gardens, Kolkata",Kolkata,Lucknow Super Giants,Kolkata Knight Riders,Kolkata Knight Riders,field,Kolkata Knight Riders,,8.0,PD Salt,2024,1
1426267,2024,2024-04-14,"Wankhede Stadium, Mumbai",Mumbai,Chennai Super Kings,Mumbai Indians,Mumbai Indians,field,Chennai Super Kings,20.0,,M Pathirana,2024,0
1426268,2024,2024-04-15,"M Chinnaswamy Stadium, Bengaluru",Bengaluru,Sunrisers Hyderabad,Royal Challengers Bengaluru,Royal Challengers Bengaluru,field,Sunrisers Hyderabad,25.0,,TM Head,2024,0
1426269,2024,2024-04-16,"Eden Gardens, Kolkata",Kolkata,Kolkata Knight Riders,Rajasthan Royals,Rajasthan Royals,field,Rajasthan Royals,,2.0,JC Buttler,2024,1
1426270,2024,2024-04-17,"Narendra Modi Stadium, Ahmedabad",Ahmedabad,Gujarat Titans,Delhi Capitals,Delhi Capitals,field,Delhi Capitals,,6.0,RR Pant,2024,1
1426271,2024,2024-04-18,"Maharaja Yadavindra Singh International Cricket Stadium, Mullanpur",Mohali,Mumbai Indians,Punjab Kings,Punjab Kings,field,Mumbai Indians,9.0,,JJ Bumrah,2024,0
1426272,2024,2024-04-19,"Bharat Ratna Shri Atal Bihari Vajpayee Ekana Cricket Stadium, Lucknow",Lucknow,Chennai Super Kings,Lucknow Super Giants,Lucknow Super Giants,field,Lucknow Super Giants,,8.0,KL Rahul,2024,1
1426273,2024,2024-04-20,"Arun Jaitley Stadium, Delhi",Delhi,Sunrisers Hyderabad,Delhi Capitals,Delhi Capitals,field,Sunrisers Hyderabad,67.0,,TM Head,2024,0
1426274,2024,2024-04-21,"Eden Gardens, Kolkata",Kolkata,Kolkata Knight Riders,Royal Challengers Bengaluru,Royal Challengers Bengaluru,field,Kolkata Knight Riders,1.0,,AD Russell,2024,0
1426275,2024,2024-04-21,"Maharaja Yadavindra Singh International Cricket Stadium, Mullanpur",Mohali,Punjab Kings,Gujarat Titans,Punjab Kings,bat,Gujarat Titans,,3.0,R Sai Kishore,2024,0
1426276,2024,2024-04-22,"Sawai Mansingh Stadium, Jaipur",Jaipur,Mumbai Indians,Rajasthan Royals,Mumbai Indians,bat,Rajasthan Royals,,9.0,Sandeep Sharma,2024,0
1426277,2024,2024-04-23,"MA Chidambaram Stadium, Chepauk, Chennai",Chennai,Chennai Super Kings,Lucknow Super Giants,Lucknow Super Giants,field,Lucknow Super Giants,,6.0,MP Stoinis,2024,1
1426278,2024,2024-04-24,"Arun Jaitley Stadium, Delhi",Delhi,Delhi Capitals,Gujarat Titans,Gujarat Titans,field,Delhi Capitals,4.0,,RR Pant,2024,0
1426279,2024,2024-04-25,"Rajiv Gandhi International Stadium, Uppal, Hyderabad",Hyderabad,Royal Challengers Bengaluru,Sunrisers Hyderabad,Royal Challengers Bengaluru,bat,Royal Challengers Bengaluru,35.0,,RM Patidar,2024,1
1426280,2024,2024-04-26,"Eden Gardens, Kolkata",Kolkata,Kolkata Knight Riders,Punjab Kings,Punjab Kings,field,Punjab Kings,,8.0,JM Bairstow,2024,1
1426281,2024,2024-04-27,"Arun Jaitley Stadium, Delhi",Delhi,Delhi Capitals,Mumbai Indians,Mumbai Indians,field,Delhi Capitals,10.0,,J Fraser-McGurk,2024,0
1426282,2024,2024-04-27,"Bharat Ratna Shri Atal Bihari Vajpayee Ekana Cricket Stadium, Lucknow",Lucknow,Lucknow Super Giants,Rajasthan Royals,Rajasthan Royals,field,Rajasthan Royals,,7.0,SV Samson,2024,1
1426283,2024,2024-04-28,"Narendra Modi Stadium, Ahmedabad",Ahmedabad,Gujarat Titans,Royal Challengers Bengaluru,Royal Challengers Bengaluru,field,Royal Challengers Bengaluru,,9.0,WG Jacks,2024,1
1426284,2024,2024-04-28,"MA Chidambaram Stadium, Chepauk, Chennai",Chennai,Chennai Super Kings,Sunrisers Hyderabad,Sunrisers Hyderabad,field,Chennai Super Kings,78.0,,RD Gaikwad,2024,0
1426285,2024,2024-04-29,"Eden Gardens, Kolkata",Kolkata,Delhi Capitals,Kolkata Knight Riders,Delhi Capitals,bat,Kolkata Knight Riders,,7.0,CV Varun,2024,0
1426286,2024,2024-04-30,"Bharat Ratna Shri Atal Bihari Vajpayee Ekana Cricket Stadium, Lucknow",Lucknow,Mumbai Indians,Lucknow Super Giants,Lucknow Super Giants,field,Lucknow Super Giants,,4.0,MP Stoinis,2024,1
1426287,2024,2024-05-01,"MA Chidambaram Stadium, Chepauk, Chennai",Chennai,Chennai Super Kings,Punjab Kings,Punjab Kings,field,Punjab Kings,,7.0,Harpreet Brar,2024,1
1426288,2024,2024-05-02,"Rajiv Gandhi International Stadium, Uppal, Hyderabad",Hyderabad,Sunrisers Hyderabad,Rajasthan Royals,Sunrisers Hyderabad,bat,Sunrisers Hyderabad,1.0,,B Kumar,2024,1
1426289,2024,2024-05-03,"Wankhede Stadium, Mumbai",Mumbai,Kolkata Knight Riders,Mumbai Indians,Mumbai Indians,field,Kolkata Knight Riders,24.0,,VR Iyer,2024,0
1426290,2024,2024-05-04,"M Chinnaswamy Stadium, Bengaluru",Bengaluru,Gujarat Titans,Royal Challengers Bengaluru,Royal Challengers Bengaluru,field,Royal Challengers Bengaluru,,4.0,Mohammed Siraj,2024,1
1426291,2024,2024-05-05,"Himachal Pradesh Cricket Association Stadium, Dharamsala",Dharamsala,Chennai Super Kings,Punjab Kings,Punjab Kings,field,Chennai Super Kings,28.0,,RA Jadeja,2024,0
1426292,2024,2024-05-05,"Bharat Ratna Shri Atal Bihari Vajpayee Ekana Cricket Stadium, Lucknow",Lucknow,Kolkata Knight Riders,Lucknow Super Giants,Lucknow Super Giants,field,Kolkata Knight Riders,98.0,,SP Narine,2024,0
1426293,2024,2024-05-06,"Wankhede Stadium, Mumbai",Mumbai,Sunrisers Hyderabad,Mumbai Indians,Mumbai Indians,field,Mumbai Indians,,7.0,SA Yadav,2024,1
1426294,2024,2024-05-07,"Arun Jaitley Stadium, Delhi",Delhi,Delhi Capitals,Rajasthan Royals,Rajasthan Royals,field,Delhi Capitals,20.0,,Kuldeep Yadav,2024,0
1426295,2024,2024-05-08,"Rajiv Gandhi International Stadium, Uppal, Hyderabad",Hyderabad,Lucknow Super Giants,Sunrisers Hyderabad,Lucknow Super Giants,bat,Sunrisers Hyderabad,,10.0,TM Head,2024,0
1426296,2024,2024-05-09,"Himachal Pradesh Cricket Association Stadium, Dharamsala",Dharamsala,Royal Challengers Bengaluru,Punjab Kings,Punjab Kings,field,Royal Challengers Bengaluru,60.0,,V Kohli,2024,0
1426297,2024,2024-05-10,"Narendra Modi Stadium, Ahmedabad",Ahmedabad,Gujarat Titans,Chennai Super Kings,Chennai Super Kings,field,Gujarat Titans,35.0,,Shubman Gill,2024,0
1426298,2024,2024-05-11,"Eden Gardens, Kolkata",Kolkata,Kolkata Knight Riders,Mumbai Indians,Mumbai Indians,field,Kolkata Knight Riders,18.0,,CV Varun,2024,0
1426299,2024,2024-05-12,"MA Chidambaram Stadium, Chepauk, Chennai",Chennai,Rajasthan Royals,Chennai Super Kings,Rajasthan Royals,bat,Chennai Super Kings,,5.0,Simarjeet Singh,2024,0
1426300,2024,2024-05-12,"M Chinnaswamy Stadium, Bengaluru",Bengaluru,Royal Challengers Bengaluru,Delhi Capitals,Delhi Capitals,field,Royal Challengers Bengaluru,47.0,,C Green,2024,0
1426302,2024,2024-05-14,"Arun Jaitley Stadium, Delhi",Delhi,Delhi Capitals,Lucknow Super Giants,Lucknow Super Giants,field,Delhi Capitals,19.0,,I Sharma,2024,0
1426303,2024,2024-05-15,"Barsapara Cricket Stadium, Guwahati",Guwahati,Rajasthan Royals,Punjab Kings,Rajasthan Royals,bat,Punjab Kings,,5.0,SM Curran,2024,0
1426305,2024,2024-05-17,"Wankhede Stadium, Mumbai",Mumbai,Lucknow Super Giants,Mumbai Indians,Mumbai Indians,field,Lucknow Super Giants,18.0,,N Pooran,2024,0
1426306,2024,2024-05-18,"M Chinnaswamy Stadium, Bengaluru",Bengaluru,Royal Challengers Bengaluru,Chennai Super Kings,Chennai Super Kings,field,Royal Challengers Bengaluru,27.0,,F du Plessis,2024,0
1426307,2024,2024-05-19,"Rajiv Gandhi International Stadium, Uppal, Hyderabad",Hyderabad,Punjab Kings,Sunrisers Hyderabad,Punjab Kings,bat,Sunrisers Hyderabad,,4.0,Abhishek Sharma,2024,0
1426309,2024,2024-05-21,"Narendra Modi Stadium, Ahmedabad",Ahmedabad,Sunrisers Hyderabad,Kolkata Knight Riders,Sunrisers Hyderabad,bat,Kolkata Knight Riders,,8.0,MA Starc,2024,0
1426310,2024,2024-05-22,"Narendra Modi Stadium, Ahmedabad",Ahmedabad,Royal Challengers Bengaluru,Rajasthan Royals,Rajasthan Royals,field,Rajasthan Royals,,4.0,R Ashwin,2024,1
1426311,2024,2024-05-24,"MA Chidambaram Stadium, Chepauk, Chennai",Chennai,Sunrisers Hyderabad,Rajasthan Royals,Rajasthan Royals,field,Sunrisers Hyderabad,36.0,,Shahbaz Ahmed,2024,0
1426312,2024,2024-05-26,"MA Chidambaram Stadium, Chepauk, Chennai",Chennai,Sunrisers Hyderabad,Kolkata Knight Riders,Sunrisers Hyderabad,bat,Kolkata Knight Riders,,8.0,MA Starc,2024,0
1473438,2025,2025-03-22,"Eden Gardens, Kolkata",Kolkata,Kolkata Knight Riders,Royal Challengers Bengaluru,Royal Challengers Bengaluru,field,Royal Challengers Bengaluru,,7.0,KH Pandya,2025,1
1473439,2025,2025-03-23,"Rajiv Gandhi International Stadium, Uppal, Hyderabad",Hyderabad,Sunrisers Hyderabad,Rajasthan Royals,Rajasthan Royals,field,Sunrisers Hyderabad,44.0,,Ishan Kishan,2025,0
1473440,2025,2025-03-23,"MA Chidambaram Stadium, Chepauk, Chennai",Chennai,Mumbai Indians,Chennai Super Kings,Chennai Super Kings,field,Chennai Super Kings,,4.0,Noor Ahmad,2025,1
1473441,2025,2025-03-24,"Dr. Y.S. Rajasekhara Reddy ACA-VDCA Cricket Stadium, Visakhapatnam",Visakhapatnam,Lucknow Super Giants,Delhi Capitals,Delhi Capitals,field,Delhi Capitals,,1.0,Ashutosh Sharma,2025,1
1473442,2025,2025-03-25,"Narendra Modi Stadium, Ahmedabad",Ahmedabad,Punjab Kings,Gujarat Titans,Gujarat Titans,field,Punjab Kings,11.0,,SS Iyer,2025,0
1473443,2025,2025-03-26,"Barsapara Cricket Stadium, Guwahati",Guwahati,Rajasthan Royals,Kolkata Knight Riders,Kolkata Knight Riders,field,Kolkata Knight Riders,,8.0,Q de Kock,2025,1
1473444,2025,2025-03-27,"Rajiv Gandhi International Stadium, Uppal, Hyderabad",Hyderabad,Sunrisers Hyderabad,Lucknow Super Giants,Lucknow Super Giants,field,Lucknow Super Giants,,5.0,SN Thakur,2025,1
1473445,2025,2025-03-28,"MA Chidambaram Stadium, Chepauk, Chennai",Chennai,Royal Challengers Bengaluru,Chennai Super Kings,Chennai Super Kings,field,Royal Challengers Bengaluru,50.0,,RM Patidar,2025,0
1473446,2025,2025-03-29,"Narendra Modi Stadium, Ahmedabad",Ahmedabad,Gujarat Titans,Mumbai Indians,Mumbai Indians,field,Gujarat Titans,36.0,,M Prasidh Krishna,2025,0
1473447,2025,2025-03-30,"Dr. Y.S. Rajasekhara Reddy ACA-VDCA Cricket Stadium, Visakhapatnam",Visakhapatnam,Sunrisers Hyderabad,Delhi Capitals,Sunrisers Hyderabad,bat,Delhi Capitals,,7.0,MA Starc,2025,0
1473448,2025,2025-03-30,"Barsapara Cricket Stadium, Guwahati",Guwahati,Rajasthan Royals,Chennai Super Kings,Chennai Super Kings,field,Rajasthan Royals,6.0,,N Rana,2025,0
1473449,2025,2025-03-31,"Wankhede Stadium, Mumbai",Mumbai,Kolkata Knight Riders,Mumbai Indians,Mumbai Indians,field,Mumbai Indians,,8.0,Ashwani Kumar,2025,1
1473450,2025,2025-04-01,"Bharat Ratna Shri Atal Bihari Vajpayee Ekana Cricket Stadium, Lucknow",Lucknow,Lucknow Super Giants,Punjab Kings,Punjab Kings,field,Punjab Kings,,8.0,P Simran Singh,2025,1
1473451,2025,2025-04-02,"M Chinnaswamy Stadium, Bengaluru",Bengaluru,Royal Challengers Bengaluru,Gujarat Titans,Gujarat Titans,field,Gujarat Titans,,8.0,Mohammed Siraj,2025,1
1473452,2025,2025-04-03,"Eden Gardens, Kolkata",Kolkata,Kolkata Knight Riders,Sunrisers Hyderabad,Sunrisers Hyderabad,field,Kolkata Knight Riders,80.0,,VG Arora,2025,0
1473453,2025,2025-04-04,"Bharat Ratna Shri Atal Bihari Vajpayee Ekana Cricket Stadium, Lucknow",Lucknow,Lucknow Super Giants,Mumbai Indians,Mumbai Indians,field,Lucknow Super Giants,12.0,,DS Rathi,2025,0
1473454,2025,2025-04-05,"MA Chidambaram Stadium, Chepauk, Chennai",Chennai,Delhi Capitals,Chennai Super Kings,Delhi Capitals,bat,Delhi Capitals,25.0,,KL Rahul,2025,1
1473455,2025,2025-04-05,"Maharaja Yadavindra Singh International Cricket Stadium, Mullanpur",Mohali,Rajasthan Royals,Punjab Kings,Punjab Kings,field,Rajasthan Royals,50.0,,JC Archer,2025,0
1473456,2025,2025-04-08,"Eden Gardens, Kolkata",Kolkata,Lucknow Super Giants,Kolkata Knight Riders,Kolkata Knight Riders,field,Lucknow Super Giants,4.0,,N Pooran,2025,0
1473457,2025,2025-04-06,"Rajiv Gandhi International Stadium, Uppal, Hyderabad",Hyderabad,Sunrisers Hyderabad,Gujarat Titans,Gujarat Titans,field,Gujarat Titans,,7.0,Mohammed Siraj,2025,1
1473458,2025,2025-04-07,"Wankhede Stadium, Mumbai",Mumbai,Royal Challengers Bengaluru,Mumbai Indians,Mumbai Indians,field,Royal Challengers Bengaluru,12.0,,RM Patidar,2025,0
1473459,2025,2025-04-08,"Maharaja Yadavindra Singh International Cricket Stadium, Mullanpur",Mohali,Punjab Kings,Chennai Super Kings,Punjab Kings,bat,Punjab Kings,18.0,,Priyansh Arya,2025,1
1473460,2025,2025-04-09,"Narendra Modi Stadium, Ahmedabad",Ahmedabad,Gujarat Titans,Rajasthan Royals,Rajasthan Royals,field,Gujarat Titans,58.0,,B Sai Sudharsan,2025,0
1473461,2025,2025-04-10,"M Chinnaswamy Stadium, Bengaluru",Bengaluru,Royal Challengers Bengaluru,Delhi Capitals,Delhi Capitals,field,Delhi Capitals,,6.0,KL Rahul,2025,1
1473462,2025,2025-04-11,"MA Chidambaram Stadium, Chepauk, Chennai",Chennai,Chennai Super Kings,Kolkata Knight Riders,Kolkata Knight Riders,field,Kolkata Knight Riders,,8.0,SP Narine,2025,1
1473463,2025,2025-04-12,"Bharat Ratna Shri Atal Bihari Vajpayee Ekana Cricket Stadium, Lucknow",Lucknow,Gujarat Titans,Lucknow Super Giants,Lucknow Super Giants,field,Lucknow Super Giants,,6.0,AK Markram,2025,1
1473464,2025,2025-04-12,"Rajiv Gandhi International Stadium, Uppal, Hyderabad",Hyderabad,Punjab Kings,Sunrisers Hyderabad,Punjab Kings,bat,Sunrisers Hyderabad,,8.0,Abhishek Sharma,2025,0
1473465,2025,2025-04-13,"Sawai Mansingh Stadium, Jaipur",Jaipur,Rajasthan Royals,Royal Challengers Bengaluru,Royal Challengers Bengaluru,field,Royal Challengers Bengaluru,,9.0,PD Salt,2025,1
1473466,2025,2025-04-13,"Arun Jaitley Stadium, Delhi",Delhi,Mumbai Indians,Delhi Capitals,Delhi Capitals,field,Mumbai Indians,12.0,,KV Sharma,2025,0
1473467,2025,2025-04-14,"Bharat Ratna Shri Atal Bihari Vajpayee Ekana Cricket Stadium, Lucknow",Lucknow,Lucknow Super Giants,Chennai Super Kings,Chennai Super Kings,field,Chennai Super Kings,,5.0,MS Dhoni,2025,1
1473468,2025,2025-04-15,"Maharaja Yadavindra Singh International Cricket Stadium, Mullanpur",Mohali,Punjab Kings,Kolkata Knight Riders,Punjab Kings,bat,Punjab Kings,16.0,,YS Chahal,2025,1
1473469,2025,2025-04-16,"Arun Jaitley Stadium, Delhi",Delhi,Delhi Capitals,Rajasthan Royals,Rajasthan Royals,field,,,,MA Starc,2025,0
1473470,2025,2025-04-17,"Wankhede Stadium, Mumbai",Mumbai,Sunrisers Hyderabad,Mumbai Indians,Mumbai Indians,field,Mumbai Indians,,4.0,WG Jacks,2025,1
1473471,2025,2025-04-18,"M Chinnaswamy Stadium, Bengaluru",Bengaluru,Royal Challengers Bengaluru,Punjab Kings,Punjab Kings,field,Punjab Kings,,5.0,TH David,2025,1
1473472,2025,2025-04-19,"Narendra Modi Stadium, Ahmedabad",Ahmedabad,Delhi Capitals,Gujarat Titans,Gujarat Titans,field,Gujarat Titans,,7.0,JC Buttler,2025,1
1473473,2025,2025-04-19,"Sawai Mansingh Stadium, Jaipur",Jaipur,Lucknow Super Giants,Rajasthan Royals,Lucknow Super Giants,bat,Lucknow Super Giants,2.0,,Avesh Khan,2025,1
1473474,2025,2025-04-20,"Maharaja Yadavindra Singh International Cricket Stadium, Mullanpur",Mohali,Punjab Kings,Royal Challengers Bengaluru,Royal Challengers Bengaluru,field,Royal Challengers Bengaluru,,7.0,V Kohli,2025,1
1473475,2025,2025-04-20,"Wankhede Stadium, Mumbai",Mumbai,Chennai Super Kings,Mumbai Indians,Mumbai Indians,field,Mumbai Indians,,9.0,RG Sharma,2025,1
1473476,2025,2025-04-21,"Eden Gardens, Kolkata",Kolkata,Gujarat Titans,Kolkata Knight Riders,Kolkata Knight Riders,field,Gujarat Titans,39.0,,Shubman Gill,2025,0
1473477,2025,2025-04-22,"Bharat Ratna Shri Atal Bihari Vajpayee Ekana Cricket Stadium, Lucknow",Lucknow,Lucknow Super Giants,Delhi Capitals,Delhi Capitals,field,Delhi Capitals,,8.0,Mukesh Kumar,2025,1
1473478,2025,2025-04-23,"Rajiv Gandhi International Stadium, Uppal, Hyderabad",Hyderabad,Sunrisers Hyderabad,Mumbai Indians,Mumbai Indians,field,Mumbai Indians,,7.0,TA Boult,2025,1
1473479,2025,2025-04-24,"M Chinnaswamy Stadium, Bengaluru",Bengaluru,Royal Challengers Bengaluru,Rajasthan Royals,Rajasthan Royals,field,Royal Challengers Bengaluru,11.0,,JR Hazlewood,2025,0
1473480,2025,2025-04-25,"MA Chidambaram Stadium, Chepauk, Chennai",Chennai,Chennai Super Kings,Sunrisers Hyderabad,Sunrisers Hyderabad,field,Sunrisers Hyderabad,,5.0,HV Patel,2025,1
1473481,2025,2025-04-26,"Eden Gardens, Kolkata",Kolkata,Punjab Kings,Kolkata Knight Riders,Punjab Kings,bat,,,,,2025,0
1473482,2025,2025-04-27,"Wankhede Stadium, Mumbai",Mumbai,Mumbai Indians,Lucknow Super Giants,Lucknow Super Giants,field,Mumbai Indians,54.0,,WG Jacks,2025,0
1473483,2025,2025-04-27,"Arun Jaitley Stadium, Delhi",Delhi,Delhi Capitals,Royal Challengers Bengaluru,Royal Challengers Bengaluru,field,Royal Challengers Bengaluru,,6.0,KH Pandya,2025,1
1473484,2025,2025-04-28,"Sawai Mansingh Stadium, Jaipur",Jaipur,Gujarat Titans,Rajasthan Royals,Rajasthan Royals,field,Rajasthan Royals,,8.0,V Suryavanshi,2025,1
1473485,2025,2025-04-29,"Arun Jaitley Stadium, Delhi",Delhi,Kolkata Knight Riders,Delhi Capitals,Delhi Capitals,field,Kolkata Knight Riders,14.0,,SP Narine,2025,0
1473486,2025,2025-04-30,"MA Chidambaram Stadium, Chepauk, Chennai",Chennai,Chennai Super Kings,Punjab Kings,Punjab Kings,field,Punjab Kings,,4.0,SS Iyer,2025,1
1473487,2025,2025-05-01,"Sawai Mansingh Stadium, Jaipur",Jaipur,Mumbai Indians,Rajasthan Royals,Rajasthan Royals,field,Mumbai Indians,100.0,,RD Rickelton,2025,0
1473488,2025,2025-05-02,"Narendra Modi Stadium, Ahmedabad",Ahmedabad,Gujarat Titans,Sunrisers Hyderabad,Sunrisers Hyderabad,field,Gujarat Titans,38.0,,M Prasidh Krishna,2025,0
1473489,2025,2025-05-03,"M Chinnaswamy Stadium, Bengaluru",Bengaluru,Royal Challengers Bengaluru,Chennai Super Kings,Chennai Super Kings,field,Royal Challengers Bengaluru,2.0,,R Shepherd,2025,0
1473490,2025,2025-05-04,"Eden Gardens, Kolkata",Kolkata,Kolkata Knight Riders,Rajasthan Royals,Kolkata Knight Riders,bat,Kolkata Knight Riders,1.0,,AD Russell,2025,1
1473491,2025,2025-05-04,"Himachal Pradesh Cricket Association Stadium, Dharamsala",Dharamsala,Punjab Kings,Lucknow Super Giants,Lucknow Super Giants,field,Punjab Kings,37.0,,P Simran Singh,2025,0
1473492,2025,2025-05-05,"Rajiv Gandhi International Stadium, Uppal, Hyderabad",Hyderabad,Delhi Capitals,Sunrisers Hyderabad,Sunrisers Hyderabad,field,,,,,2025,0
1473493,2025,2025-05-06,"Wankhede Stadium, Mumbai",Mumbai,Mumbai Indians,Gujarat Titans,Gujarat Titans,field,Gujarat Titans,,3.0,Shubman Gill,2025,1
1473494,2025,2025-05-07,"Eden Gardens, Kolkata",Kolkata,Kolkata Knight Riders,Chennai Super Kings,Kolkata Knight Riders,bat,Chennai Super Kings,,2.0,Noor Ahmad,2025,0
1473495,2025,2025-05-08,"Himachal Pradesh Cricket Association Stadium, Dharamsala",Dharamsala,Punjab Kings,Delhi Capitals,Punjab Kings,bat,,,,,2025,0
1473497,2025,2025-05-18,"Sawai Mansingh Stadium, Jaipur",Jaipur,Punjab Kings,Rajasthan Royals,Punjab Kings,bat,Punjab Kings,10.0,,Harpreet Brar,2025,1
1473498,2025,2025-05-18,"Arun Jaitley Stadium, Delhi",Delhi,Delhi Capitals,Gujarat Titans,Gujarat Titans,field,Gujarat Titans,,10.0,B Sai Sudharsan,2025,1
1473499,2025,2025-05-19,"Bharat Ratna Shri Atal Bihari Vajpayee Ekana Cricket Stadium, Lucknow",Lucknow,Lucknow Super Giants,Sunrisers Hyderabad,Sunrisers Hyderabad,field,Sunrisers Hyderabad,,6.0,Abhishek Sharma,2025,1
1473500,2025,2025-05-20,"Arun Jaitley Stadium, Delhi",Delhi,Chennai Super Kings,Rajasthan Royals,Rajasthan Royals,field,Rajasthan Royals,,6.0,Akash Madhwal,2025,1
1473501,2025,2025-05-21,"Wankhede Stadium, Mumbai",Mumbai,Mumbai Indians,Delhi Capitals,Delhi Capitals,field,Mumbai Indians,59.0,,SA Yadav,2025,0
1473502,2025,2025-05-22,"Narendra Modi Stadium, Ahmedabad",Ahmedabad,Lucknow Super Giants,Gujarat Titans,Gujarat Titans,field,Lucknow Super Giants,33.0,,MR Marsh,2025,0
1473503,2025,2025-05-23,"Bharat Ratna Shri Atal Bihari Vajpayee Ekana Cricket Stadium, Lucknow",Lucknow,Sunrisers Hyderabad,Royal Challengers Bengaluru,Royal Challengers Bengaluru,field,Sunrisers Hyderabad,42.0,,Ishan Kishan,2025,0
1473504,2025,2025-05-25,"Narendra Modi Stadium, Ahmedabad",Ahmedabad,Chennai Super Kings,Gujarat Titans,Chennai Super Kings,bat,Chennai Super Kings,83.0,,D Brevis,2025,1
1473505,2025,2025-05-25,"Arun Jaitley Stadium, Delhi",Delhi,Sunrisers Hyderabad,Kolkata Knight Riders,Sunrisers Hyderabad,bat,Sunrisers Hyderabad,110.0,,H Klaasen,2025,1
1473506,2025,2025-05-26,"Sawai Mansingh Stadium, Jaipur",Jaipur,Mumbai Indians,Punjab Kings,Punjab Kings,field,Punjab Kings,,7.0,JP Inglis,2025,1
1473507,2025,2025-05-27,"Bharat Ratna Shri Atal Bihari Vajpayee Ekana Cricket Stadium, Lucknow",Lucknow,Lucknow Super Giants,Royal Challengers Bengaluru,Royal Challengers Bengaluru,field,Royal Challengers Bengaluru,,6.0,JM Sharma,2025,1
1473508,2025,2025-05-29,"Maharaja Yadavindra Singh International Cricket Stadium, Mullanpur",New Chandigarh,Punjab Kings,Royal Challengers Bengaluru,Royal Challengers Bengaluru,field,Royal Challengers Bengaluru,,8.0,Suyash Sharma,2025,1
1473509,2025,2025-05-30,"Maharaja Yadavindra Singh International Cricket Stadium, New Chandigarh",New Chandigarh,Mumbai Indians,Gujarat Titans,Mumbai Indians,bat,Mumbai Indians,20.0,,RG Sharma,2025,1
1473510,2025,2025-06-01,"Narendra Modi Stadium, Ahmedabad",Ahmedabad,Mumbai Indians,Punjab Kings,Punjab Kings,field,Punjab Kings,,5.0,SS Iyer,2025,1
1473511,2025,2025-06-03,"Narendra Modi Stadium, Ahmedabad",Ahmedabad,Royal Challengers Bengaluru,Punjab Kings,Punjab Kings,field,Royal Challengers Bengaluru,6.0,,KH Pandya,2025,0
1485779,2025,2025-05-24,"Sawai Mansingh Stadium, Jaipur",Jaipur,Punjab Kings,Delhi Capitals,Delhi Capitals,field,Delhi Capitals,,6.0,Sameer Rizvi,2025,1
1527674,2026,2026-03-28,"M Chinnaswamy Stadium, Bengaluru",Bengaluru,Sunrisers Hyderabad,Royal Challengers Bengaluru,Royal Challengers Bengaluru,field,Royal Challengers Bengaluru,,6.0,JA Duffy,2026,1
1527675,2026,2026-03-29,"Wankhede Stadium, Mumbai",Mumbai,Kolkata Knight Riders,Mumbai Indians,Mumbai Indians,field,Mumbai Indians,,6.0,SN Thakur,2026,1
1527676,2026,2026-03-30,"Barsapara Cricket Stadium, Guwahati",Guwahati,Chennai Super Kings,Rajasthan Royals,Rajasthan Royals,field,Rajasthan Royals,,8.0,N Burger,2026,1
1527677,2026,2026-03-31,"Maharaja Yadavindra Singh International Cricket Stadium, New Chandigarh",New Chandigarh,Gujarat Titans,Punjab Kings,Punjab Kings,field,Punjab Kings,,3.0,C Connolly,2026,1
1527678,2026,2026-04-01,"Bharat Ratna Shri Atal Bihari Vajpayee Ekana Cricket Stadium, Lucknow",Lucknow,Lucknow Super Giants,Delhi Capitals,Delhi Capitals,field,Delhi Capitals,,6.0,Sameer Rizvi,2026,1
1527679,2026,2026-04-02,"Eden Gardens, Kolkata",Kolkata,Sunrisers Hyderabad,Kolkata Knight Riders,Kolkata Knight Riders,field,Sunrisers Hyderabad,65.0,,Nithish Kumar Reddy,2026,0
1527680,2026,2026-04-03,"MA Chidambaram Stadium, Chepauk, Chennai",Chennai,Chennai Super Kings,Punjab Kings,Punjab Kings,field,Punjab Kings,,5.0,Priyansh Arya,2026,1
1527681,2026,2026-04-04,"Arun Jaitley Stadium, Delhi",Delhi,Mumbai Indians,Delhi Capitals,Delhi Capitals,field,Delhi Capitals,,6.0,Sameer Rizvi,2026,1
1527682,2026,2026-04-04,"Narendra Modi Stadium, Ahmedabad",Ahmedabad,Rajasthan Royals,Gujarat Titans,Rajasthan Royals,bat,Rajasthan Royals,6.0,,Ravi Bishnoi,2026,1
1527683,2026,2026-04-05,"Rajiv Gandhi International Stadium, Uppal, Hyderabad",Hyderabad,Sunrisers Hyderabad,Lucknow Super Giants,Lucknow Super Giants,field,Lucknow Super Giants,,5.0,Mohammed Shami,2026,1
1527684,2026,2026-04-05,"M Chinnaswamy Stadium, Bengaluru",Bengaluru,Royal Challengers Bengaluru,Chennai Super Kings,Chennai Super Kings,field,Royal Challengers Bengaluru,43.0,,TH David,2026,0
1527685,2026,2026-04-06,"Eden Gardens, Kolkata",Kolkata,Kolkata Knight Riders,Punjab Kings,Kolkata Knight Riders,bat,,,,,2026,0
1527686,2026,2026-04-07,"Barsapara Cricket Stadium, Guwahati",Guwahati,Rajasthan Royals,Mumbai Indians,Mumbai Indians,field,Rajasthan Royals,27.0,,YBK Jaiswal,2026,0
1527687,2026,2026-04-08,"Arun Jaitley Stadium, Delhi",Delhi,Gujarat Titans,Delhi Capitals,Delhi Capitals,field,Gujarat Titans,1.0,,Rashid Khan,2026,0
1527688,2026,2026-04-09,"Eden Gardens, Kolkata",Kolkata,Kolkata Knight Riders,Lucknow Super Giants,Lucknow Super Giants,field,Lucknow Super Giants,,3.0,MD Choudhary,2026,1
1527689,2026,2026-04-10,"Barsapara Cricket Stadium, Guwahati",Guwahati,Royal Challengers Bengaluru,Rajasthan Royals,Rajasthan Royals,field,Rajasthan Royals,,6.0,V Suryavanshi,2026,1
1527690,2026,2026-04-11,"Maharaja Yadavindra Singh International Cricket Stadium, New Chandigarh",New Chandigarh,Sunrisers Hyderabad,Punjab Kings,Punjab Kings,field,Punjab Kings,,6.0,SS Iyer,2026,1
1527691,2026,2026-04-11,"MA Chidambaram Stadium, Chepauk, Chennai",Chennai,Chennai Super Kings,Delhi Capitals,Delhi Capitals,field,Chennai Super Kings,23.0,,SV Samson,2026,0
1527692,2026,2026-04-12,"Bharat Ratna Shri Atal Bihari Vajpayee Ekana Cricket Stadium, Lucknow",Lucknow,Lucknow Super Giants,Gujarat Titans,Gujarat Titans,field,Gujarat Titans,,7.0,M Prasidh Krishna,2026,1
1527693,2026,2026-04-12,"Wankhede Stadium, Mumbai",Mumbai,Royal Challengers Bengaluru,Mumbai Indians,Mumbai Indians,field,Royal Challengers Bengaluru,18.0,,PD Salt,2026,0
1529264,2026,2026-04-13,"Rajiv Gandhi International Stadium, Uppal, Hyderabad",Hyderabad,Sunrisers Hyderabad,Rajasthan Royals,Rajasthan Royals,field,Sunrisers Hyderabad,57.0,,PP Hinge,2026,0
1529265,2026,2026-04-14,"MA Chidambaram Stadium, Chepauk, Chennai",Chennai,Chennai Super Kings,Kolkata Knight Riders,Kolkata Knight Riders,field,Chennai Super Kings,32.0,,Noor Ahmad,2026,0
1529266,2026,2026-04-15,"M Chinnaswamy Stadium, Bengaluru",Bengaluru,Lucknow Super Giants,Royal Challengers Bengaluru,Royal Challengers Bengaluru,field,Royal Challengers Bengaluru,,5.0,JR Hazlewood,2026,1
1529267,2026,2026-04-16,"Wankhede Stadium, Mumbai",Mumbai,Mumbai Indians,Punjab Kings,Punjab Kings,field,Punjab Kings,,7.0,Arshdeep Singh,2026,1
1529268,2026,2026-04-17,"Narendra Modi Stadium, Ahmedabad",Ahmedabad,Kolkata Knight Riders,Gujarat Titans,Kolkata Knight Riders,bat,Gujarat Titans,,5.0,Shubman Gill,2026,0
1529269,2026,2026-04-18,"M Chinnaswamy Stadium, Bengaluru",Bengaluru,Royal Challengers Bengaluru,Delhi Capitals,Delhi Capitals,field,Delhi Capitals,,6.0,T Stubbs,2026,1
1529270,2026,2026-04-18,"Rajiv Gandhi International Stadium, Uppal, Hyderabad",Hyderabad,Sunrisers Hyderabad,Chennai Super Kings,Chennai Super Kings,field,Sunrisers Hyderabad,10.0,,E Malinga,2026,0
1529271,2026,2026-04-19,"Eden Gardens, Kolkata",Kolkata,Rajasthan Royals,Kolkata Knight Riders,Rajasthan Royals,bat,Kolkata Knight Riders,,4.0,CV Varun,2026,0
1529272,2026,2026-04-19,"Maharaja Yadavindra Singh International Cricket Stadium, New Chandigarh",New Chandigarh,Punjab Kings,Lucknow Super Giants,Lucknow Super Giants,field,Punjab Kings,54.0,,Priyansh Arya,2026,0
1529273,2026,2026-04-20,"Narendra Modi Stadium, Ahmedabad",Ahmedabad,Mumbai Indians,Gujarat Titans,Gujarat Titans,field,Mumbai Indians,99.0,,Tilak Varma,2026,0
1529274,2026,2026-04-21,"Rajiv Gandhi International Stadium, Uppal, Hyderabad",Hyderabad,Sunrisers Hyderabad,Delhi Capitals,Delhi Capitals,field,Sunrisers Hyderabad,47.0,,Abhishek Sharma,2026,0
1529275,2026,2026-04-22,"Bharat Ratna Shri Atal Bihari Vajpayee Ekana Cricket Stadium, Lucknow",Lucknow,Rajasthan Royals,Lucknow Super Giants,Lucknow Super Giants,field,Rajasthan Royals,40.0,,RA Jadeja,2026,0
1529276,2026,2026-04-23,"Wankhede Stadium, Mumbai",Mumbai,Chennai Super Kings,Mumbai Indians,Mumbai Indians,field,Chennai Super Kings,103.0,,SV Samson,2026,0
1529277,2026,2026-04-24,"M Chinnaswamy Stadium, Bengaluru",Bengaluru,Gujarat Titans,Royal Challengers Bengaluru,Royal Challengers Bengaluru,field,Royal Challengers Bengaluru,,5.0,V Kohli,2026,1
1529278,2026,2026-04-25,"Arun Jaitley Stadium, Delhi",Delhi,Delhi Capitals,Punjab Kings,Delhi Capitals,bat,Punjab Kings,,6.0,KL Rahul,2026,0
1529279,2026,2026-04-25,"Sawai Mansingh Stadium, Jaipur",Jaipur,Rajasthan Royals,Sunrisers Hyderabad,Sunrisers Hyderabad,field,Sunrisers Hyderabad,,5.0,Ishan Kishan,2026,1
1529280,2026,2026-04-26,"MA Chidambaram Stadium, Chepauk, Chennai",Chennai,Chennai Super Kings,Gujarat Titans,Gujarat Titans,field,Gujarat Titans,,8.0,K Rabada,2026,1
1529281,2026,2026-04-26,"Bharat Ratna Shri Atal Bihari Vajpayee Ekana Cricket Stadium, Lucknow",Lucknow,Kolkata Knight Riders,Lucknow Super Giants,Lucknow Super Giants,field,,,,RK Singh,2026,0
1529282,2026,2026-04-27,"Arun Jaitley Stadium, Delhi",Delhi,Delhi Capitals,Royal Challengers Bengaluru,Royal Challengers Bengaluru,field,Royal Challengers Bengaluru,,9.0,JR Hazlewood,2026,1
1529283,2026,2026-04-28,"Maharaja Yadavindra Singh International Cricket Stadium, New Chandigarh",New Chandigarh,Punjab Kings,Rajasthan Royals,Rajasthan Royals,field,Rajasthan Royals,,6.0,D Ferreira,2026,1
1529284,2026,2026-04-29,"Wankhede Stadium, Mumbai",Mumbai,Mumbai Indians,Sunrisers Hyderabad,Mumbai Indians,bat,Sunrisers Hyderabad,,6.0,H Klaasen,2026,0
1529285,2026,2026-04-30,"Narendra Modi Stadium, Ahmedabad",Ahmedabad,Royal Challengers Bengaluru,Gujarat Titans,Gujarat Titans,field,Gujarat Titans,,4.0,JO Holder,2026,1
1529286,2026,2026-05-01,"Sawai Mansingh Stadium, Jaipur",Jaipur,Rajasthan Royals,Delhi Capitals,Rajasthan Royals,bat,Delhi Capitals,,7.0,KL Rahul,2026,0
1529287,2026,2026-05-02,"MA Chidambaram Stadium, Chepauk, Chennai",Chennai,Mumbai Indians,Chennai Super Kings,Mumbai Indians,bat,Chennai Super Kings,,8.0,RD Gaikwad,2026,0
1529288,2026,2026-05-03,"Rajiv Gandhi International Stadium, Uppal, Hyderabad",Hyderabad,Sunrisers Hyderabad,Kolkata Knight Riders,Sunrisers Hyderabad,bat,Kolkata Knight Riders,,7.0,CV Varun,2026,0
1529289,2026,2026-05-03,"Narendra Modi Stadium, Ahmedabad",Ahmedabad,Punjab Kings,Gujarat Titans,Gujarat Titans,field,Gujarat Titans,,4.0,JO Holder,2026,1
1529290,2026,2026-05-04,"Wankhede Stadium, Mumbai",Mumbai,Lucknow Super Giants,Mumbai Indians,Mumbai Indians,field,Mumbai Indians,,6.0,RD Rickelton,2026,1
1529291,2026,2026-05-05,"Arun Jaitley Stadium, Delhi",Delhi,Delhi Capitals,Chennai Super Kings,Delhi Capitals,bat,Chennai Super Kings,,8.0,SV Samson,2026,0
1529292,2026,2026-05-06,"Rajiv Gandhi International Stadium, Uppal, Hyderabad",Hyderabad,Sunrisers Hyderabad,Punjab Kings,Punjab Kings,field,Sunrisers Hyderabad,33.0,,PJ Cummins,2026,0
1529293,2026,2026-05-07,"Bharat Ratna Shri Atal Bihari Vajpayee Ekana Cricket Stadium, Lucknow",Lucknow,Lucknow Super Giants,Royal Challengers Bengaluru,Royal Challengers Bengaluru,field,Lucknow Super Giants,9.0,,MR Marsh,2026,0
1529294,2026,2026-05-08,"Arun Jaitley Stadium, Delhi",Delhi,Delhi Capitals,Kolkata Knight Riders,Kolkata Knight Riders,field,Kolkata Knight Riders,,8.0,FH Allen,2026,1
1529295,2026,2026-05-09,"Sawai Mansingh Stadium, Jaipur",Jaipur,Gujarat Titans,Rajasthan Royals,Rajasthan Royals,field,Gujarat Titans,77.0,,Rashid Khan,2026,0
1529296,2026,2026-05-10,"MA Chidambaram Stadium, Chepauk, Chennai",Chennai,Lucknow Super Giants,Chennai Super Kings,Chennai Super Kings,field,Chennai Super Kings,,5.0,J Overton,2026,1
1529297,2026,2026-05-10,"Shaheed Veer Narayan Singh International Stadium, Raipur",Raipur,Mumbai Indians,Royal Challengers Bengaluru,Royal Challengers Bengaluru,field,Royal Challengers Bengaluru,,2.0,B Kumar,2026,1
1529298,2026,2026-05-11,"Himachal Pradesh Cricket Association Stadium, Dharamsala",Dharamsala,Punjab Kings,Delhi Capitals,Delhi Capitals,field,Delhi Capitals,,3.0,M Tiwari,2026,1
1529299,2026,2026-05-12,"Narendra Modi Stadium, Ahmedabad",Ahmedabad,Gujarat Titans,Sunrisers Hyderabad,Sunrisers Hyderabad,field,Gujarat Titans,82.0,,K Rabada,2026,0
1529300,2026,2026-05-13,"Shaheed Veer Narayan Singh International Stadium, Raipur",Raipur,Kolkata Knight Riders,Royal Challengers Bengaluru,Royal Challengers Bengaluru,field,Royal Challengers Bengaluru,,6.0,V Kohli,2026,1
335982,2007/08,2008-04-18,M Chinnaswamy Stadium,Bangalore,Royal Challengers Bangalore,Kolkata Knight Riders,Royal Challengers Bangalore,field,Kolkata Knight Riders,140.0,,BB McCullum,2007,0
335983,2007/08,2008-04-19,"Punjab Cricket Association Stadium, Mohali",Chandigarh,Kings XI Punjab,Chennai Super Kings,Chennai Super Kings,bat,Chennai Super Kings,33.0,,MEK Hussey,2007,1
335984,2007/08,2008-04-19,Feroz Shah Kotla,Delhi,Delhi Daredevils,Rajasthan Royals,Rajasthan Royals,bat,Delhi Daredevils,,9.0,MF Maharoof,2007,0
335985,2007/08,2008-04-20,Wankhede Stadium,Mumbai,Mumbai Indians,Royal Challengers Bangalore,Mumbai Indians,bat,Royal Challengers Bangalore,,5.0,MV Boucher,2007,0
335986,2007/08,2008-04-20,Eden Gardens,Kolkata,Kolkata Knight Riders,Deccan Chargers,Deccan Chargers,bat,Kolkata Knight Riders,,5.0,DJ Hussey,2007,0
335987,2007/08,2008-04-21,Sawai Mansingh Stadium,Jaipur,Rajasthan Royals,Kings XI Punjab,Kings XI Punjab,bat,Rajasthan Royals,,6.0,SR Watson,2007,0
335988,2007/08,2008-04-22,"Rajiv Gandhi International Stadium, Uppal",Hyderabad,Deccan Chargers,Delhi Daredevils,Deccan Chargers,bat,Delhi Daredevils,,9.0,V Sehwag,2007,0
335989,2007/08,2008-04-23,"MA Chidambaram Stadium, Chepauk",Chennai,Chennai Super Kings,Mumbai Indians,Mumbai Indians,field,Chennai Super Kings,6.0,,ML Hayden,2007,0
335990,2007/08,2008-04-24,"Rajiv Gandhi International Stadium, Uppal",Hyderabad,Deccan Chargers,Rajasthan Royals,Rajasthan Royals,field,Rajasthan Royals,,3.0,YK Pathan,2007,1
335991,2007/08,2008-04-25,"Punjab Cricket Association Stadium, Mohali",Chandigarh,Kings XI Punjab,Mumbai Indians,Mumbai Indians,field,Kings XI Punjab,66.0,,KC Sangakkara,2007,0
335992,2007/08,2008-04-26,M Chinnaswamy Stadium,Bangalore,Royal Challengers Bangalore,Rajasthan Royals,Rajasthan Royals,field,Rajasthan Royals,,7.0,SR Watson,2007,1
335993,2007/08,2008-04-26,"MA Chidambaram Stadium, Chepauk",Chennai,Chennai Super Kings,Kolkata Knight Riders,Kolkata Knight Riders,bat,Chennai Super Kings,,9.0,JDP Oram,2007,0
335994,2007/08,2008-04-27,Dr DY Patil Sports Academy,Mumbai,Mumbai Indians,Deccan Chargers,Deccan Chargers,field,Deccan Chargers,,10.0,AC Gilchrist,2007,1
335995,2007/08,2008-04-27,"Punjab Cricket Association Stadium, Mohali",Chandigarh,Kings XI Punjab,Delhi Daredevils,Delhi Daredevils,bat,Kings XI Punjab,,4.0,SM Katich,2007,0
335996,2007/08,2008-04-28,M Chinnaswamy Stadium,Bangalore,Royal Challengers Bangalore,Chennai Super Kings,Chennai Super Kings,bat,Chennai Super Kings,13.0,,MS Dhoni,2007,1
335997,2007/08,2008-04-29,Eden Gardens,Kolkata,Kolkata Knight Riders,Mumbai Indians,Kolkata Knight Riders,bat,Mumbai Indians,,7.0,ST Jayasuriya,2007,0
335998,2007/08,2008-04-30,Feroz Shah Kotla,Delhi,Delhi Daredevils,Royal Challengers Bangalore,Royal Challengers Bangalore,field,Delhi Daredevils,10.0,,GD McGrath,2007,0
335999,2007/08,2008-05-01,"Rajiv Gandhi International Stadium, Uppal",Hyderabad,Deccan Chargers,Kings XI Punjab,Kings XI Punjab,field,Kings XI Punjab,,7.0,SE Marsh,2007,1
336000,2007/08,2008-05-01,Sawai Mansingh Stadium,Jaipur,Rajasthan Royals,Kolkata Knight Riders,Rajasthan Royals,bat,Rajasthan Royals,45.0,,SA Asnodkar,2007,1
336001,2007/08,2008-05-02,"MA Chidambaram Stadium, Chepauk",Chennai,Chennai Super Kings,Delhi Daredevils,Chennai Super Kings,bat,Delhi Daredevils,,8.0,V Sehwag,2007,0
336002,2007/08,2008-05-25,"Rajiv Gandhi International Stadium, Uppal",Hyderabad,Deccan Chargers,Royal Challengers Bangalore,Deccan Chargers,bat,Royal Challengers Bangalore,,5.0,R Vinay Kumar,2007,0
336003,2007/08,2008-05-03,"Punjab Cricket Association Stadium, Mohali",Chandigarh,Kings XI Punjab,Kolkata Knight Riders,Kings XI Punjab,bat,Kings XI Punjab,9.0,,IK Pathan,2007,1
336004,2007/08,2008-05-04,Dr DY Patil Sports Academy,Mumbai,Mumbai Indians,Delhi Daredevils,Delhi Daredevils,field,Mumbai Indians,29.0,,SM Pollock,2007,0
336005,2007/08,2008-05-04,Sawai Mansingh Stadium,Jaipur,Rajasthan Royals,Chennai Super Kings,Chennai Super Kings,bat,Rajasthan Royals,,8.0,Sohail Tanvir,2007,0
336006,2007/08,2008-05-05,M Chinnaswamy Stadium,Bangalore,Royal Challengers Bangalore,Kings XI Punjab,Kings XI Punjab,field,Kings XI Punjab,,6.0,S Sreesanth,2007,1
336007,2007/08,2008-05-06,"MA Chidambaram Stadium, Chepauk",Chennai,Chennai Super Kings,Deccan Chargers,Deccan Chargers,field,Deccan Chargers,,7.0,AC Gilchrist,2007,1
336008,2007/08,2008-05-07,Dr DY Patil Sports Academy,Mumbai,Mumbai Indians,Rajasthan Royals,Mumbai Indians,field,Mumbai Indians,,7.0,A Nehra,2007,1
336009,2007/08,2008-05-08,Feroz Shah Kotla,Delhi,Delhi Daredevils,Chennai Super Kings,Chennai Super Kings,field,Chennai Super Kings,,4.0,MS Dhoni,2007,1
336010,2007/08,2008-05-08,Eden Gardens,Kolkata,Kolkata Knight Riders,Royal Challengers Bangalore,Kolkata Knight Riders,bat,Kolkata Knight Riders,5.0,,SC Ganguly,2007,1
336011,2007/08,2008-05-09,Sawai Mansingh Stadium,Jaipur,Rajasthan Royals,Deccan Chargers,Rajasthan Royals,field,Rajasthan Royals,,8.0,YK Pathan,2007,1
336012,2007/08,2008-05-28,M Chinnaswamy Stadium,Bangalore,Royal Challengers Bangalore,Mumbai Indians,Mumbai Indians,field,Mumbai Indians,,9.0,CRD Fernando,2007,1
336013,2007/08,2008-05-10,"MA Chidambaram Stadium, Chepauk",Chennai,Chennai Super Kings,Kings XI Punjab,Kings XI Punjab,field,Chennai Super Kings,18.0,,L Balaji,2007,0
336014,2007/08,2008-05-11,"Rajiv Gandhi International Stadium, Uppal",Hyderabad,Deccan Chargers,Kolkata Knight Riders,Kolkata Knight Riders,bat,Kolkata Knight Riders,23.0,,SC Ganguly,2007,1
336015,2007/08,2008-05-11,Sawai Mansingh Stadium,Jaipur,Rajasthan Royals,Delhi Daredevils,Rajasthan Royals,field,Rajasthan Royals,,3.0,SR Watson,2007,1
336016,2007/08,2008-05-12,"Punjab Cricket Association Stadium, Mohali",Chandigarh,Kings XI Punjab,Royal Challengers Bangalore,Royal Challengers Bangalore,bat,Kings XI Punjab,,9.0,SE Marsh,2007,0
336017,2007/08,2008-05-13,Eden Gardens,Kolkata,Kolkata Knight Riders,Delhi Daredevils,Kolkata Knight Riders,bat,Kolkata Knight Riders,23.0,,Shoaib Akhtar,2007,1
336018,2007/08,2008-05-14,Wankhede Stadium,Mumbai,Mumbai Indians,Chennai Super Kings,Mumbai Indians,field,Mumbai Indians,,9.0,ST Jayasuriya,2007,1
336019,2007/08,2008-05-28,"Punjab Cricket Association Stadium, Mohali",Chandigarh,Kings XI Punjab,Rajasthan Royals,Rajasthan Royals,field,Kings XI Punjab,41.0,,SE Marsh,2007,0
336020,2007/08,2008-05-15,Feroz Shah Kotla,Delhi,Delhi Daredevils,Deccan Chargers,Deccan Chargers,field,Delhi Daredevils,12.0,,A Mishra,2007,0
336021,2007/08,2008-05-16,Wankhede Stadium,Mumbai,Mumbai Indians,Kolkata Knight Riders,Mumbai Indians,field,Mumbai Indians,,8.0,SM Pollock,2007,1
336022,2007/08,2008-05-17,Feroz Shah Kotla,Delhi,Delhi Daredevils,Kings XI Punjab,Delhi Daredevils,bat,Kings XI Punjab,6.0,,DPMD Jayawardene,2007,0
336023,2007/08,2008-05-17,Sawai Mansingh Stadium,Jaipur,Rajasthan Royals,Royal Challengers Bangalore,Royal Challengers Bangalore,field,Rajasthan Royals,65.0,,GC Smith,2007,0
336024,2007/08,2008-05-18,"Rajiv Gandhi International Stadium, Uppal",Hyderabad,Deccan Chargers,Mumbai Indians,Deccan Chargers,field,Mumbai Indians,25.0,,DJ Bravo,2007,0
336025,2007/08,2008-05-18,Eden Gardens,Kolkata,Kolkata Knight Riders,Chennai Super Kings,Kolkata Knight Riders,bat,Chennai Super Kings,3.0,,M Ntini,2007,0
336026,2007/08,2008-05-19,M Chinnaswamy Stadium,Bangalore,Royal Challengers Bangalore,Delhi Daredevils,Delhi Daredevils,field,Delhi Daredevils,,5.0,SP Goswami,2007,1
336027,2007/08,2008-05-20,Eden Gardens,Kolkata,Kolkata Knight Riders,Rajasthan Royals,Rajasthan Royals,field,Rajasthan Royals,,6.0,YK Pathan,2007,1
336028,2007/08,2008-05-21,Wankhede Stadium,Mumbai,Mumbai Indians,Kings XI Punjab,Mumbai Indians,field,Kings XI Punjab,1.0,,SE Marsh,2007,0
336029,2007/08,2008-05-21,"MA Chidambaram Stadium, Chepauk",Chennai,Chennai Super Kings,Royal Challengers Bangalore,Royal Challengers Bangalore,bat,Royal Challengers Bangalore,14.0,,A Kumble,2007,1
336031,2007/08,2008-05-23,"Punjab Cricket Association Stadium, Mohali",Chandigarh,Kings XI Punjab,Deccan Chargers,Kings XI Punjab,field,Kings XI Punjab,,6.0,SE Marsh,2007,1
336032,2007/08,2008-05-24,Feroz Shah Kotla,Delhi,Delhi Daredevils,Mumbai Indians,Delhi Daredevils,field,Delhi Daredevils,,5.0,KD Karthik,2007,1
336033,2007/08,2008-05-24,"MA Chidambaram Stadium, Chepauk",Chennai,Chennai Super Kings,Rajasthan Royals,Rajasthan Royals,bat,Rajasthan Royals,10.0,,JA Morkel,2007,1
336034,2007/08,2008-05-03,M Chinnaswamy Stadium,Bangalore,Royal Challengers Bangalore,Deccan Chargers,Deccan Chargers,field,Royal Challengers Bangalore,3.0,,P Kumar,2007,0
336035,2007/08,2008-05-25,Eden Gardens,Kolkata,Kolkata Knight Riders,Kings XI Punjab,Kings XI Punjab,bat,Kolkata Knight Riders,,3.0,Umar Gul,2007,0
336036,2007/08,2008-05-26,Sawai Mansingh Stadium,Jaipur,Rajasthan Royals,Mumbai Indians,Rajasthan Royals,field,Rajasthan Royals,,5.0,Sohail Tanvir,2007,1
336037,2007/08,2008-05-27,"Rajiv Gandhi International Stadium, Uppal",Hyderabad,Deccan Chargers,Chennai Super Kings,Deccan Chargers,bat,Chennai Super Kings,,7.0,SK Raina,2007,0
336038,2007/08,2008-05-30,Wankhede Stadium,Mumbai,Delhi Daredevils,Rajasthan Royals,Delhi Daredevils,field,Rajasthan Royals,105.0,,SR Watson,2007,0
336039,2007/08,2008-05-31,Wankhede Stadium,Mumbai,Chennai Super Kings,Kings XI Punjab,Kings XI Punjab,bat,Chennai Super Kings,,9.0,M Ntini,2007,0
336040,2007/08,2008-06-01,Dr DY Patil Sports Academy,Mumbai,Chennai Super Kings,Rajasthan Royals,Rajasthan Royals,field,Rajasthan Royals,,3.0,YK Pathan,2007,1
392181,2009,2009-04-18,Newlands,Cape Town,Chennai Super Kings,Mumbai Indians,Chennai Super Kings,field,Mumbai Indians,19.0,,SR Tendulkar,2009,0
392182,2009,2009-04-18,Newlands,Cape Town,Royal Challengers Bangalore,Rajasthan Royals,Royal Challengers Bangalore,bat,Royal Challengers Bangalore,75.0,,R Dravid,2009,1
392183,2009,2009-04-19,Newlands,Cape Town,Delhi Daredevils,Kings XI Punjab,Delhi Daredevils,field,Delhi Daredevils,,10.0,DL Vettori,2009,1
392184,2009,2009-04-19,Newlands,Cape Town,Deccan Chargers,Kolkata Knight Riders,Kolkata Knight Riders,bat,Deccan Chargers,,8.0,RP Singh,2009,0
392185,2009,2009-04-20,St George's Park,Port Elizabeth,Royal Challengers Bangalore,Chennai Super Kings,Chennai Super Kings,bat,Chennai Super Kings,92.0,,M Muralitharan,2009,1
392186,2009,2009-04-21,Kingsmead,Durban,Kings XI Punjab,Kolkata Knight Riders,Kolkata Knight Riders,field,Kolkata Knight Riders,11.0,,CH Gayle,2009,1
392188,2009,2009-04-22,Newlands,Cape Town,Royal Challengers Bangalore,Deccan Chargers,Deccan Chargers,bat,Deccan Chargers,24.0,,AC Gilchrist,2009,1
392189,2009,2009-04-23,Kingsmead,Durban,Chennai Super Kings,Delhi Daredevils,Delhi Daredevils,bat,Delhi Daredevils,9.0,,AB de Villiers,2009,1
392190,2009,2009-04-23,Newlands,Cape Town,Kolkata Knight Riders,Rajasthan Royals,Kolkata Knight Riders,field,,,,YK Pathan,2009,0
392191,2009,2009-04-24,Kingsmead,Durban,Royal Challengers Bangalore,Kings XI Punjab,Royal Challengers Bangalore,bat,Kings XI Punjab,,7.0,RS Bopara,2009,0
392192,2009,2009-04-25,Kingsmead,Durban,Deccan Chargers,Mumbai Indians,Deccan Chargers,bat,Deccan Chargers,12.0,,PP Ojha,2009,1
392194,2009,2009-04-26,St George's Park,Port Elizabeth,Royal Challengers Bangalore,Delhi Daredevils,Royal Challengers Bangalore,bat,Delhi Daredevils,,6.0,TM Dilshan,2009,0
392195,2009,2009-04-26,Newlands,Cape Town,Kings XI Punjab,Rajasthan Royals,Kings XI Punjab,bat,Kings XI Punjab,27.0,,KC Sangakkara,2009,1
392196,2009,2009-04-27,Kingsmead,Durban,Chennai Super Kings,Deccan Chargers,Deccan Chargers,field,Deccan Chargers,,6.0,HH Gibbs,2009,1
392197,2009,2009-04-27,St George's Park,Port Elizabeth,Kolkata Knight Riders,Mumbai Indians,Mumbai Indians,bat,Mumbai Indians,92.0,,SR Tendulkar,2009,1
392198,2009,2009-04-28,SuperSport Park,Centurion,Delhi Daredevils,Rajasthan Royals,Delhi Daredevils,bat,Rajasthan Royals,,5.0,YK Pathan,2009,0
392199,2009,2009-04-29,Kingsmead,Durban,Royal Challengers Bangalore,Kolkata Knight Riders,Kolkata Knight Riders,bat,Royal Challengers Bangalore,,5.0,MV Boucher,2009,0
392200,2009,2009-04-29,Kingsmead,Durban,Kings XI Punjab,Mumbai Indians,Kings XI Punjab,bat,Kings XI Punjab,3.0,,KC Sangakkara,2009,1
392201,2009,2009-04-30,SuperSport Park,Centurion,Deccan Chargers,Delhi Daredevils,Delhi Daredevils,field,Delhi Daredevils,,6.0,DP Nannes,2009,1
392202,2009,2009-04-30,SuperSport Park,Centurion,Chennai Super Kings,Rajasthan Royals,Rajasthan Royals,field,Chennai Super Kings,38.0,,SK Raina,2009,0
392203,2009,2009-05-01,Buffalo Park,East London,Kolkata Knight Riders,Mumbai Indians,Mumbai Indians,bat,Mumbai Indians,9.0,,JP Duminy,2009,1
392204,2009,2009-05-01,Kingsmead,Durban,Royal Challengers Bangalore,Kings XI Punjab,Royal Challengers Bangalore,bat,Royal Challengers Bangalore,8.0,,Yuvraj Singh,2009,1
392205,2009,2009-05-02,St George's Park,Port Elizabeth,Deccan Chargers,Rajasthan Royals,Deccan Chargers,bat,Rajasthan Royals,,3.0,YK Pathan,2009,0
392206,2009,2009-05-02,New Wanderers Stadium,Johannesburg,Chennai Super Kings,Delhi Daredevils,Delhi Daredevils,field,Chennai Super Kings,18.0,,SB Jakati,2009,0
392207,2009,2009-05-03,St George's Park,Port Elizabeth,Kings XI Punjab,Kolkata Knight Riders,Kolkata Knight Riders,bat,Kings XI Punjab,,6.0,DPMD Jayawardene,2009,0
392208,2009,2009-05-03,New Wanderers Stadium,Johannesburg,Royal Challengers Bangalore,Mumbai Indians,Mumbai Indians,bat,Royal Challengers Bangalore,,9.0,JH Kallis,2009,0
392209,2009,2009-05-04,Buffalo Park,East London,Chennai Super Kings,Deccan Chargers,Chennai Super Kings,bat,Chennai Super Kings,78.0,,MS Dhoni,2009,1
392210,2009,2009-05-05,Kingsmead,Durban,Kings XI Punjab,Rajasthan Royals,Kings XI Punjab,field,Rajasthan Royals,78.0,,GC Smith,2009,0
392211,2009,2009-05-05,Kingsmead,Durban,Delhi Daredevils,Kolkata Knight Riders,Kolkata Knight Riders,bat,Delhi Daredevils,,9.0,G Gambhir,2009,0
392212,2009,2009-05-06,SuperSport Park,Centurion,Deccan Chargers,Mumbai Indians,Deccan Chargers,bat,Deccan Chargers,19.0,,RG Sharma,2009,1
392213,2009,2009-05-07,SuperSport Park,Centurion,Royal Challengers Bangalore,Rajasthan Royals,Rajasthan Royals,field,Rajasthan Royals,,7.0,A Singh,2009,1
392214,2009,2009-05-07,SuperSport Park,Centurion,Chennai Super Kings,Kings XI Punjab,Chennai Super Kings,bat,Chennai Super Kings,12.0,,ML Hayden,2009,1
392215,2009,2009-05-08,Buffalo Park,East London,Delhi Daredevils,Mumbai Indians,Mumbai Indians,bat,Delhi Daredevils,,7.0,A Nehra,2009,0
392216,2009,2009-05-09,De Beers Diamond Oval,Kimberley,Deccan Chargers,Kings XI Punjab,Kings XI Punjab,field,Kings XI Punjab,,3.0,DPMD Jayawardene,2009,1
392217,2009,2009-05-09,De Beers Diamond Oval,Kimberley,Chennai Super Kings,Rajasthan Royals,Rajasthan Royals,bat,Chennai Super Kings,,7.0,S Badrinath,2009,0
392218,2009,2009-05-10,St George's Park,Port Elizabeth,Royal Challengers Bangalore,Mumbai Indians,Mumbai Indians,bat,Mumbai Indians,16.0,,JP Duminy,2009,1
392219,2009,2009-05-10,New Wanderers Stadium,Johannesburg,Delhi Daredevils,Kolkata Knight Riders,Delhi Daredevils,field,Delhi Daredevils,,7.0,A Mishra,2009,1
392220,2009,2009-05-11,De Beers Diamond Oval,Kimberley,Deccan Chargers,Rajasthan Royals,Deccan Chargers,bat,Deccan Chargers,53.0,,DR Smith,2009,1
392221,2009,2009-05-12,SuperSport Park,Centurion,Royal Challengers Bangalore,Kolkata Knight Riders,Royal Challengers Bangalore,field,Royal Challengers Bangalore,,6.0,LRPL Taylor,2009,1
392222,2009,2009-05-12,SuperSport Park,Centurion,Kings XI Punjab,Mumbai Indians,Kings XI Punjab,bat,Mumbai Indians,,8.0,Harbhajan Singh,2009,0
392223,2009,2009-05-13,Kingsmead,Durban,Deccan Chargers,Delhi Daredevils,Deccan Chargers,field,Delhi Daredevils,12.0,,R Bhatia,2009,0
392224,2009,2009-05-14,Kingsmead,Durban,Royal Challengers Bangalore,Chennai Super Kings,Chennai Super Kings,bat,Royal Challengers Bangalore,,2.0,LRPL Taylor,2009,0
392225,2009,2009-05-14,Kingsmead,Durban,Mumbai Indians,Rajasthan Royals,Rajasthan Royals,bat,Rajasthan Royals,2.0,,SK Warne,2009,1
392226,2009,2009-05-15,OUTsurance Oval,Bloemfontein,Delhi Daredevils,Kings XI Punjab,Kings XI Punjab,field,Kings XI Punjab,,6.0,B Lee,2009,1
392227,2009,2009-05-16,St George's Park,Port Elizabeth,Chennai Super Kings,Mumbai Indians,Mumbai Indians,bat,Chennai Super Kings,,7.0,ML Hayden,2009,0
392228,2009,2009-05-16,New Wanderers Stadium,Johannesburg,Deccan Chargers,Kolkata Knight Riders,Deccan Chargers,field,Deccan Chargers,,6.0,RG Sharma,2009,1
392229,2009,2009-05-17,New Wanderers Stadium,Johannesburg,Deccan Chargers,Kings XI Punjab,Deccan Chargers,field,Kings XI Punjab,1.0,,Yuvraj Singh,2009,0
392230,2009,2009-05-17,OUTsurance Oval,Bloemfontein,Delhi Daredevils,Rajasthan Royals,Delhi Daredevils,bat,Delhi Daredevils,14.0,,AB de Villiers,2009,1
392231,2009,2009-05-18,SuperSport Park,Centurion,Chennai Super Kings,Kolkata Knight Riders,Chennai Super Kings,bat,Kolkata Knight Riders,,7.0,BJ Hodge,2009,0
392232,2009,2009-05-19,New Wanderers Stadium,Johannesburg,Royal Challengers Bangalore,Delhi Daredevils,Delhi Daredevils,bat,Royal Challengers Bangalore,,7.0,JH Kallis,2009,0
392233,2009,2009-05-20,Kingsmead,Durban,Kolkata Knight Riders,Rajasthan Royals,Kolkata Knight Riders,field,Kolkata Knight Riders,,4.0,LR Shukla,2009,1
392234,2009,2009-05-20,Kingsmead,Durban,Chennai Super Kings,Kings XI Punjab,Chennai Super Kings,bat,Chennai Super Kings,24.0,,M Muralitharan,2009,1
392235,2009,2009-05-21,SuperSport Park,Centurion,Delhi Daredevils,Mumbai Indians,Delhi Daredevils,field,Delhi Daredevils,,4.0,V Sehwag,2009,1
392236,2009,2009-05-21,SuperSport Park,Centurion,Royal Challengers Bangalore,Deccan Chargers,Royal Challengers Bangalore,bat,Royal Challengers Bangalore,12.0,,MK Pandey,2009,1
392237,2009,2009-05-22,SuperSport Park,Centurion,Delhi Daredevils,Deccan Chargers,Deccan Chargers,field,Deccan Chargers,,6.0,AC Gilchrist,2009,1
392238,2009,2009-05-23,New Wanderers Stadium,Johannesburg,Royal Challengers Bangalore,Chennai Super Kings,Royal Challengers Bangalore,field,Royal Challengers Bangalore,,6.0,MK Pandey,2009,1
392239,2009,2009-05-24,New Wanderers Stadium,Johannesburg,Royal Challengers Bangalore,Deccan Chargers,Royal Challengers Bangalore,field,Deccan Chargers,6.0,,A Kumble,2009,0
419106,2009/10,2010-03-12,Dr DY Patil Sports Academy,Mumbai,Deccan Chargers,Kolkata Knight Riders,Deccan Chargers,field,Kolkata Knight Riders,11.0,,AD Mathews,2009,0
419107,2009/10,2010-03-13,Brabourne Stadium,Mumbai,Mumbai Indians,Rajasthan Royals,Mumbai Indians,bat,Mumbai Indians,4.0,,YK Pathan,2009,1
419108,2009/10,2010-03-13,"Punjab Cricket Association Stadium, Mohali",Chandigarh,Kings XI Punjab,Delhi Daredevils,Delhi Daredevils,field,Delhi Daredevils,,5.0,G Gambhir,2009,1
419109,2009/10,2010-03-14,Eden Gardens,Kolkata,Kolkata Knight Riders,Royal Challengers Bangalore,Kolkata Knight Riders,field,Kolkata Knight Riders,,7.0,MK Tiwary,2009,1
419110,2009/10,2010-03-14,"MA Chidambaram Stadium, Chepauk",Chennai,Chennai Super Kings,Deccan Chargers,Deccan Chargers,bat,Deccan Chargers,31.0,,WPUJC Vaas,2009,1
419111,2009/10,2010-03-15,"Sardar Patel Stadium, Motera",Ahmedabad,Rajasthan Royals,Delhi Daredevils,Delhi Daredevils,field,Delhi Daredevils,,6.0,V Sehwag,2009,1
419112,2009/10,2010-03-16,M Chinnaswamy Stadium,Bangalore,Royal Challengers Bangalore,Kings XI Punjab,Kings XI Punjab,bat,Royal Challengers Bangalore,,8.0,JH Kallis,2009,0
419113,2009/10,2010-03-16,Eden Gardens,Kolkata,Kolkata Knight Riders,Chennai Super Kings,Chennai Super Kings,bat,Chennai Super Kings,55.0,,MS Dhoni,2009,1
419114,2009/10,2010-03-17,Feroz Shah Kotla,Delhi,Delhi Daredevils,Mumbai Indians,Delhi Daredevils,field,Mumbai Indians,98.0,,SR Tendulkar,2009,0
419115,2009/10,2010-03-18,M Chinnaswamy Stadium,Bangalore,Royal Challengers Bangalore,Rajasthan Royals,Royal Challengers Bangalore,field,Royal Challengers Bangalore,,10.0,JH Kallis,2009,1
419116,2009/10,2010-03-19,Feroz Shah Kotla,Delhi,Delhi Daredevils,Chennai Super Kings,Delhi Daredevils,bat,Chennai Super Kings,,5.0,ML Hayden,2009,0
419117,2009/10,2010-03-19,Barabati Stadium,Cuttack,Deccan Chargers,Kings XI Punjab,Kings XI Punjab,field,Deccan Chargers,6.0,,A Symonds,2009,0
419118,2009/10,2010-03-20,"Sardar Patel Stadium, Motera",Ahmedabad,Rajasthan Royals,Kolkata Knight Riders,Rajasthan Royals,bat,Rajasthan Royals,34.0,,AA Jhunjhunwala,2009,1
419119,2009/10,2010-03-20,Brabourne Stadium,Mumbai,Mumbai Indians,Royal Challengers Bangalore,Mumbai Indians,bat,Royal Challengers Bangalore,,7.0,JH Kallis,2009,0
419120,2009/10,2010-03-21,Barabati Stadium,Cuttack,Deccan Chargers,Delhi Daredevils,Deccan Chargers,bat,Deccan Chargers,10.0,,A Symonds,2009,1
419121,2009/10,2010-03-21,"MA Chidambaram Stadium, Chepauk",Chennai,Chennai Super Kings,Kings XI Punjab,Chennai Super Kings,field,,,,J Theron,2009,0
419122,2009/10,2010-03-22,Brabourne Stadium,Mumbai,Mumbai Indians,Kolkata Knight Riders,Kolkata Knight Riders,bat,Mumbai Indians,,7.0,SR Tendulkar,2009,0
419123,2009/10,2010-03-23,M Chinnaswamy Stadium,Bangalore,Royal Challengers Bangalore,Chennai Super Kings,Chennai Super Kings,field,Royal Challengers Bangalore,36.0,,RV Uthappa,2009,0
419124,2009/10,2010-03-24,"Punjab Cricket Association Stadium, Mohali",Chandigarh,Kings XI Punjab,Rajasthan Royals,Kings XI Punjab,field,Rajasthan Royals,31.0,,AC Voges,2009,0
419125,2009/10,2010-03-25,"Brabourne Stadium, Mumbai",Mumbai,Chennai Super Kings,Mumbai Indians,Mumbai Indians,field,Mumbai Indians,,5.0,SR Tendulkar,2009,1
419126,2009/10,2010-03-26,"Sardar Patel Stadium, Motera",Ahmedabad,Rajasthan Royals,Deccan Chargers,Deccan Chargers,bat,Rajasthan Royals,,8.0,YK Pathan,2009,0
419127,2009/10,2010-03-27,"Punjab Cricket Association Stadium, Mohali",Chandigarh,Kings XI Punjab,Kolkata Knight Riders,Kolkata Knight Riders,bat,Kolkata Knight Riders,39.0,,MK Tiwary,2009,1
419128,2009/10,2010-03-25,M Chinnaswamy Stadium,Bangalore,Royal Challengers Bangalore,Delhi Daredevils,Royal Challengers Bangalore,field,Delhi Daredevils,17.0,,KM Jadhav,2009,0
419129,2009/10,2010-03-28,"Sardar Patel Stadium, Motera",Ahmedabad,Rajasthan Royals,Chennai Super Kings,Rajasthan Royals,bat,Rajasthan Royals,17.0,,NV Ojha,2009,1
419130,2009/10,2010-03-28,Dr DY Patil Sports Academy,Mumbai,Deccan Chargers,Mumbai Indians,Deccan Chargers,field,Mumbai Indians,41.0,,Harbhajan Singh,2009,0
419131,2009/10,2010-03-29,Feroz Shah Kotla,Delhi,Delhi Daredevils,Kolkata Knight Riders,Delhi Daredevils,bat,Delhi Daredevils,40.0,,DA Warner,2009,1
419132,2009/10,2010-03-30,Brabourne Stadium,Mumbai,Mumbai Indians,Kings XI Punjab,Mumbai Indians,field,Mumbai Indians,,4.0,SL Malinga,2009,1
419133,2009/10,2010-03-31,"MA Chidambaram Stadium, Chepauk",Chennai,Chennai Super Kings,Royal Challengers Bangalore,Royal Challengers Bangalore,bat,Chennai Super Kings,,5.0,M Vijay,2009,0
419134,2009/10,2010-03-31,Feroz Shah Kotla,Delhi,Delhi Daredevils,Rajasthan Royals,Delhi Daredevils,bat,Delhi Daredevils,67.0,,KD Karthik,2009,1
419135,2009/10,2010-04-01,Eden Gardens,Kolkata,Kolkata Knight Riders,Deccan Chargers,Kolkata Knight Riders,bat,Kolkata Knight Riders,24.0,,SC Ganguly,2009,1
419136,2009/10,2010-04-02,"Punjab Cricket Association Stadium, Mohali",Chandigarh,Kings XI Punjab,Royal Challengers Bangalore,Kings XI Punjab,bat,Royal Challengers Bangalore,,6.0,KP Pietersen,2009,0
419137,2009/10,2010-04-03,"MA Chidambaram Stadium, Chepauk",Chennai,Chennai Super Kings,Rajasthan Royals,Chennai Super Kings,bat,Chennai Super Kings,23.0,,M Vijay,2009,1
419138,2009/10,2010-04-03,Brabourne Stadium,Mumbai,Mumbai Indians,Deccan Chargers,Mumbai Indians,bat,Mumbai Indians,63.0,,AT Rayudu,2009,1
419139,2009/10,2010-04-04,Eden Gardens,Kolkata,Kolkata Knight Riders,Kings XI Punjab,Kolkata Knight Riders,bat,Kings XI Punjab,,8.0,DPMD Jayawardene,2009,0
419140,2009/10,2010-04-04,Feroz Shah Kotla,Delhi,Delhi Daredevils,Royal Challengers Bangalore,Delhi Daredevils,bat,Delhi Daredevils,37.0,,PD Collingwood,2009,1
419141,2009/10,2010-04-05,"Vidarbha Cricket Association Stadium, Jamtha",Nagpur,Deccan Chargers,Rajasthan Royals,Rajasthan Royals,bat,Rajasthan Royals,2.0,,SK Warne,2009,1
419142,2009/10,2010-04-06,"MA Chidambaram Stadium, Chepauk",Chennai,Chennai Super Kings,Mumbai Indians,Chennai Super Kings,bat,Chennai Super Kings,24.0,,SK Raina,2009,1
419143,2009/10,2010-04-07,Sawai Mansingh Stadium,Jaipur,Rajasthan Royals,Kings XI Punjab,Kings XI Punjab,bat,Rajasthan Royals,,9.0,MJ Lumb,2009,0
419144,2009/10,2010-04-07,Eden Gardens,Kolkata,Kolkata Knight Riders,Delhi Daredevils,Kolkata Knight Riders,bat,Kolkata Knight Riders,14.0,,SC Ganguly,2009,1
419145,2009/10,2010-04-08,M Chinnaswamy Stadium,Bangalore,Royal Challengers Bangalore,Deccan Chargers,Deccan Chargers,field,Deccan Chargers,,7.0,TL Suman,2009,1
419146,2009/10,2010-04-09,"Punjab Cricket Association Stadium, Mohali",Chandigarh,Kings XI Punjab,Mumbai Indians,Mumbai Indians,bat,Kings XI Punjab,,6.0,KC Sangakkara,2009,0
419147,2009/10,2010-04-10,"Vidarbha Cricket Association Stadium, Jamtha",Nagpur,Deccan Chargers,Chennai Super Kings,Chennai Super Kings,bat,Deccan Chargers,,6.0,RJ Harris,2009,0
419148,2009/10,2010-04-10,M Chinnaswamy Stadium,Bangalore,Royal Challengers Bangalore,Kolkata Knight Riders,Royal Challengers Bangalore,field,Royal Challengers Bangalore,,7.0,R Vinay Kumar,2009,1
419149,2009/10,2010-04-11,Feroz Shah Kotla,Delhi,Delhi Daredevils,Kings XI Punjab,Delhi Daredevils,bat,Kings XI Punjab,,7.0,PP Chawla,2009,0
419150,2009/10,2010-04-11,Sawai Mansingh Stadium,Jaipur,Rajasthan Royals,Mumbai Indians,Rajasthan Royals,field,Mumbai Indians,37.0,,SR Tendulkar,2009,0
419151,2009/10,2010-04-12,"Vidarbha Cricket Association Stadium, Jamtha",Nagpur,Deccan Chargers,Royal Challengers Bangalore,Royal Challengers Bangalore,field,Deccan Chargers,13.0,,Harmeet Singh,2009,0
419152,2009/10,2010-04-13,Brabourne Stadium,Mumbai,Mumbai Indians,Delhi Daredevils,Mumbai Indians,bat,Mumbai Indians,39.0,,KA Pollard,2009,1
419153,2009/10,2010-04-13,"MA Chidambaram Stadium, Chepauk",Chennai,Chennai Super Kings,Kolkata Knight Riders,Kolkata Knight Riders,bat,Chennai Super Kings,,9.0,R Ashwin,2009,0
419154,2009/10,2010-04-14,Sawai Mansingh Stadium,Jaipur,Rajasthan Royals,Royal Challengers Bangalore,Rajasthan Royals,bat,Royal Challengers Bangalore,,5.0,KP Pietersen,2009,0
419155,2009/10,2010-04-15,"MA Chidambaram Stadium, Chepauk",Chennai,Chennai Super Kings,Delhi Daredevils,Chennai Super Kings,bat,Delhi Daredevils,,6.0,G Gambhir,2009,0
419156,2009/10,2010-04-16,Himachal Pradesh Cricket Association Stadium,Dharamsala,Kings XI Punjab,Deccan Chargers,Deccan Chargers,field,Deccan Chargers,,5.0,RG Sharma,2009,1
419157,2009/10,2010-04-17,M Chinnaswamy Stadium,Bangalore,Royal Challengers Bangalore,Mumbai Indians,Royal Challengers Bangalore,field,Mumbai Indians,57.0,,R McLaren,2009,0
419158,2009/10,2010-04-17,Eden Gardens,Kolkata,Kolkata Knight Riders,Rajasthan Royals,Rajasthan Royals,bat,Kolkata Knight Riders,,8.0,JD Unadkat,2009,0
419159,2009/10,2010-04-18,Himachal Pradesh Cricket Association Stadium,Dharamsala,Kings XI Punjab,Chennai Super Kings,Chennai Super Kings,field,Chennai Super Kings,,6.0,MS Dhoni,2009,1
419160,2009/10,2010-04-18,Feroz Shah Kotla,Delhi,Delhi Daredevils,Deccan Chargers,Deccan Chargers,bat,Deccan Chargers,11.0,,A Symonds,2009,1
419161,2009/10,2010-04-19,Eden Gardens,Kolkata,Kolkata Knight Riders,Mumbai Indians,Mumbai Indians,bat,Kolkata Knight Riders,,9.0,M Kartik,2009,0
419162,2009/10,2010-04-21,Dr DY Patil Sports Academy,Mumbai,Royal Challengers Bangalore,Mumbai Indians,Mumbai Indians,bat,Mumbai Indians,35.0,,KA Pollard,2009,1
419163,2009/10,2010-04-22,Dr DY Patil Sports Academy,Mumbai,Chennai Super Kings,Deccan Chargers,Chennai Super Kings,bat,Chennai Super Kings,38.0,,DE Bollinger,2009,1
419164,2009/10,2010-04-24,Dr DY Patil Sports Academy,Mumbai,Royal Challengers Bangalore,Deccan Chargers,Deccan Chargers,bat,Royal Challengers Bangalore,,9.0,A Kumble,2009,0
419165,2009/10,2010-04-25,Dr DY Patil Sports Academy,Mumbai,Chennai Super Kings,Mumbai Indians,Chennai Super Kings,bat,Chennai Super Kings,22.0,,SK Raina,2009,1
501198,2011,2011-04-08,"MA Chidambaram Stadium, Chepauk",Chennai,Chennai Super Kings,Kolkata Knight Riders,Chennai Super Kings,bat,Chennai Super Kings,2.0,,S Anirudha,2011,1
501199,2011,2011-04-09,"Rajiv Gandhi International Stadium, Uppal",Hyderabad,Deccan Chargers,Rajasthan Royals,Rajasthan Royals,field,Rajasthan Royals,,8.0,SK Trivedi,2011,1
501200,2011,2011-04-09,Nehru Stadium,Kochi,Kochi Tuskers Kerala,Royal Challengers Bangalore,Kochi Tuskers Kerala,bat,Royal Challengers Bangalore,,6.0,AB de Villiers,2011,0
501201,2011,2011-04-10,Feroz Shah Kotla,Delhi,Delhi Daredevils,Mumbai Indians,Delhi Daredevils,bat,Mumbai Indians,,8.0,SL Malinga,2011,0
501202,2011,2011-04-10,Dr DY Patil Sports Academy,Mumbai,Pune Warriors,Kings XI Punjab,Kings XI Punjab,bat,Pune Warriors,,7.0,SB Wagh,2011,0
501203,2011,2011-04-11,Eden Gardens,Kolkata,Kolkata Knight Riders,Deccan Chargers,Kolkata Knight Riders,bat,Kolkata Knight Riders,9.0,,JH Kallis,2011,1
501204,2011,2011-04-12,Sawai Mansingh Stadium,Jaipur,Rajasthan Royals,Delhi Daredevils,Delhi Daredevils,bat,Rajasthan Royals,,6.0,SK Warne,2011,0
501205,2011,2011-04-12,M Chinnaswamy Stadium,Bangalore,Royal Challengers Bangalore,Mumbai Indians,Mumbai Indians,field,Mumbai Indians,,9.0,SR Tendulkar,2011,1
501206,2011,2011-04-13,"Punjab Cricket Association Stadium, Mohali",Chandigarh,Kings XI Punjab,Chennai Super Kings,Kings XI Punjab,field,Kings XI Punjab,,6.0,PC Valthaty,2011,1
501207,2011,2011-04-13,Dr DY Patil Sports Academy,Mumbai,Pune Warriors,Kochi Tuskers Kerala,Kochi Tuskers Kerala,bat,Pune Warriors,,4.0,MD Mishra,2011,0
501208,2011,2011-04-14,"Rajiv Gandhi International Stadium, Uppal",Hyderabad,Deccan Chargers,Royal Challengers Bangalore,Royal Challengers Bangalore,field,Deccan Chargers,33.0,,DW Steyn,2011,0
501209,2011,2011-04-15,Sawai Mansingh Stadium,Jaipur,Rajasthan Royals,Kolkata Knight Riders,Kolkata Knight Riders,field,Kolkata Knight Riders,,9.0,G Gambhir,2011,1
501210,2011,2011-04-15,Wankhede Stadium,Mumbai,Mumbai Indians,Kochi Tuskers Kerala,Kochi Tuskers Kerala,field,Kochi Tuskers Kerala,,8.0,BB McCullum,2011,1
501211,2011,2011-04-16,"MA Chidambaram Stadium, Chepauk",Chennai,Chennai Super Kings,Royal Challengers Bangalore,Chennai Super Kings,bat,Chennai Super Kings,21.0,,MEK Hussey,2011,1
501212,2011,2011-04-16,"Rajiv Gandhi International Stadium, Uppal",Hyderabad,Deccan Chargers,Kings XI Punjab,Kings XI Punjab,field,Kings XI Punjab,,8.0,PC Valthaty,2011,1
501213,2011,2011-04-17,Dr DY Patil Sports Academy,Mumbai,Pune Warriors,Delhi Daredevils,Delhi Daredevils,field,Delhi Daredevils,,3.0,Yuvraj Singh,2011,1
501214,2011,2011-04-17,Eden Gardens,Kolkata,Kolkata Knight Riders,Rajasthan Royals,Kolkata Knight Riders,field,Kolkata Knight Riders,,8.0,L Balaji,2011,1
501215,2011,2011-04-18,Nehru Stadium,Kochi,Kochi Tuskers Kerala,Chennai Super Kings,Kochi Tuskers Kerala,field,Kochi Tuskers Kerala,,7.0,BB McCullum,2011,1
501216,2011,2011-04-19,Feroz Shah Kotla,Delhi,Delhi Daredevils,Deccan Chargers,Deccan Chargers,bat,Deccan Chargers,16.0,,S Sohal,2011,1
501218,2011,2011-04-20,Wankhede Stadium,Mumbai,Mumbai Indians,Pune Warriors,Pune Warriors,bat,Mumbai Indians,,7.0,MM Patel,2011,0
501219,2011,2011-04-20,Eden Gardens,Kolkata,Kolkata Knight Riders,Kochi Tuskers Kerala,Kolkata Knight Riders,field,Kochi Tuskers Kerala,6.0,,DPMD Jayawardene,2011,0
501220,2011,2011-04-21,"Punjab Cricket Association Stadium, Mohali",Chandigarh,Kings XI Punjab,Rajasthan Royals,Rajasthan Royals,field,Kings XI Punjab,48.0,,SE Marsh,2011,0
501221,2011,2011-04-22,Wankhede Stadium,Mumbai,Mumbai Indians,Chennai Super Kings,Chennai Super Kings,field,Mumbai Indians,8.0,,Harbhajan Singh,2011,0
501222,2011,2011-04-22,Eden Gardens,Kolkata,Kolkata Knight Riders,Royal Challengers Bangalore,Royal Challengers Bangalore,field,Royal Challengers Bangalore,,9.0,CH Gayle,2011,1
501223,2011,2011-04-23,Feroz Shah Kotla,Delhi,Delhi Daredevils,Kings XI Punjab,Kings XI Punjab,field,Delhi Daredevils,29.0,,DA Warner,2011,0
501224,2011,2011-04-24,"Rajiv Gandhi International Stadium, Uppal",Hyderabad,Deccan Chargers,Mumbai Indians,Deccan Chargers,field,Mumbai Indians,37.0,,SL Malinga,2011,0
501225,2011,2011-04-24,Sawai Mansingh Stadium,Jaipur,Rajasthan Royals,Kochi Tuskers Kerala,Rajasthan Royals,field,Rajasthan Royals,,8.0,SK Warne,2011,1
501226,2011,2011-04-25,"MA Chidambaram Stadium, Chepauk",Chennai,Chennai Super Kings,Pune Warriors,Pune Warriors,field,Chennai Super Kings,25.0,,MEK Hussey,2011,0
501227,2011,2011-04-26,Feroz Shah Kotla,Delhi,Delhi Daredevils,Royal Challengers Bangalore,Royal Challengers Bangalore,field,Royal Challengers Bangalore,,3.0,V Kohli,2011,1
501228,2011,2011-04-27,Dr DY Patil Sports Academy,Mumbai,Pune Warriors,Chennai Super Kings,Pune Warriors,bat,Chennai Super Kings,,8.0,DE Bollinger,2011,0
501229,2011,2011-04-27,Nehru Stadium,Kochi,Kochi Tuskers Kerala,Deccan Chargers,Kochi Tuskers Kerala,field,Deccan Chargers,55.0,,I Sharma,2011,0
501230,2011,2011-04-28,Feroz Shah Kotla,Delhi,Delhi Daredevils,Kolkata Knight Riders,Delhi Daredevils,field,Kolkata Knight Riders,17.0,,MK Tiwary,2011,0
501231,2011,2011-04-29,Sawai Mansingh Stadium,Jaipur,Rajasthan Royals,Mumbai Indians,Rajasthan Royals,field,Rajasthan Royals,,7.0,J Botha,2011,1
501232,2011,2011-04-29,M Chinnaswamy Stadium,Bangalore,Royal Challengers Bangalore,Pune Warriors,Pune Warriors,field,Royal Challengers Bangalore,26.0,,V Kohli,2011,0
501233,2011,2011-04-30,Nehru Stadium,Kochi,Kochi Tuskers Kerala,Delhi Daredevils,Delhi Daredevils,bat,Delhi Daredevils,38.0,,V Sehwag,2011,1
501234,2011,2011-04-30,Eden Gardens,Kolkata,Kolkata Knight Riders,Kings XI Punjab,Kolkata Knight Riders,field,Kolkata Knight Riders,,8.0,Iqbal Abdulla,2011,1
501235,2011,2011-05-01,Sawai Mansingh Stadium,Jaipur,Rajasthan Royals,Pune Warriors,Rajasthan Royals,field,Rajasthan Royals,,6.0,LRPL Taylor,2011,1
501236,2011,2011-05-01,"MA Chidambaram Stadium, Chepauk",Chennai,Chennai Super Kings,Deccan Chargers,Chennai Super Kings,bat,Chennai Super Kings,19.0,,JA Morkel,2011,1
501237,2011,2011-05-02,Wankhede Stadium,Mumbai,Mumbai Indians,Kings XI Punjab,Kings XI Punjab,field,Mumbai Indians,23.0,,KA Pollard,2011,0
501238,2011,2011-05-02,Feroz Shah Kotla,Delhi,Delhi Daredevils,Kochi Tuskers Kerala,Kochi Tuskers Kerala,field,Kochi Tuskers Kerala,,7.0,P Parameswaran,2011,1
501239,2011,2011-05-03,"Rajiv Gandhi International Stadium, Uppal",Hyderabad,Deccan Chargers,Kolkata Knight Riders,Deccan Chargers,field,Kolkata Knight Riders,20.0,,YK Pathan,2011,0
501240,2011,2011-05-04,"MA Chidambaram Stadium, Chepauk",Chennai,Chennai Super Kings,Rajasthan Royals,Rajasthan Royals,bat,Chennai Super Kings,,8.0,MEK Hussey,2011,0
501241,2011,2011-05-04,Dr DY Patil Sports Academy,Mumbai,Pune Warriors,Mumbai Indians,Pune Warriors,field,Mumbai Indians,21.0,,R Sharma,2011,0
501242,2011,2011-05-05,Nehru Stadium,Kochi,Kochi Tuskers Kerala,Kolkata Knight Riders,Kolkata Knight Riders,field,Kochi Tuskers Kerala,17.0,,BJ Hodge,2011,0
501243,2011,2011-05-05,"Rajiv Gandhi International Stadium, Uppal",Hyderabad,Deccan Chargers,Delhi Daredevils,Delhi Daredevils,field,Delhi Daredevils,,4.0,V Sehwag,2011,1
501244,2011,2011-05-06,M Chinnaswamy Stadium,Bangalore,Royal Challengers Bangalore,Kings XI Punjab,Kings XI Punjab,field,Royal Challengers Bangalore,85.0,,CH Gayle,2011,0
501245,2011,2011-05-07,Eden Gardens,Kolkata,Kolkata Knight Riders,Chennai Super Kings,Chennai Super Kings,bat,Kolkata Knight Riders,10.0,,Iqbal Abdulla,2011,0
501246,2011,2011-05-07,Wankhede Stadium,Mumbai,Mumbai Indians,Delhi Daredevils,Delhi Daredevils,field,Mumbai Indians,32.0,,AT Rayudu,2011,0
501247,2011,2011-05-08,M Chinnaswamy Stadium,Bangalore,Royal Challengers Bangalore,Kochi Tuskers Kerala,Kochi Tuskers Kerala,bat,Royal Challengers Bangalore,,9.0,CH Gayle,2011,0
501248,2011,2011-05-08,"Punjab Cricket Association Stadium, Mohali",Chandigarh,Kings XI Punjab,Pune Warriors,Kings XI Punjab,bat,Pune Warriors,,5.0,R Sharma,2011,0
501249,2011,2011-05-09,Sawai Mansingh Stadium,Jaipur,Rajasthan Royals,Chennai Super Kings,Rajasthan Royals,field,Chennai Super Kings,63.0,,M Vijay,2011,0
501250,2011,2011-05-10,"Rajiv Gandhi International Stadium, Uppal",Hyderabad,Deccan Chargers,Pune Warriors,Deccan Chargers,bat,Pune Warriors,,6.0,MR Marsh,2011,0
501251,2011,2011-05-10,"Punjab Cricket Association Stadium, Mohali",Chandigarh,Kings XI Punjab,Mumbai Indians,Mumbai Indians,field,Kings XI Punjab,76.0,,BA Bhatt,2011,0
501252,2011,2011-05-11,Sawai Mansingh Stadium,Jaipur,Rajasthan Royals,Royal Challengers Bangalore,Royal Challengers Bangalore,field,Royal Challengers Bangalore,,9.0,S Aravind,2011,1
501253,2011,2011-05-12,"MA Chidambaram Stadium, Chepauk",Chennai,Chennai Super Kings,Delhi Daredevils,Chennai Super Kings,bat,Chennai Super Kings,18.0,,MS Dhoni,2011,1
501254,2011,2011-05-13,Holkar Cricket Stadium,Indore,Kochi Tuskers Kerala,Kings XI Punjab,Kings XI Punjab,field,Kings XI Punjab,,6.0,KD Karthik,2011,1
501255,2011,2011-05-14,M Chinnaswamy Stadium,Bangalore,Royal Challengers Bangalore,Kolkata Knight Riders,Royal Challengers Bangalore,field,Royal Challengers Bangalore,,4.0,CH Gayle,2011,1
501256,2011,2011-05-14,Wankhede Stadium,Mumbai,Mumbai Indians,Deccan Chargers,Deccan Chargers,bat,Deccan Chargers,10.0,,A Mishra,2011,1
501257,2011,2011-05-15,Himachal Pradesh Cricket Association Stadium,Dharamsala,Kings XI Punjab,Delhi Daredevils,Delhi Daredevils,field,Kings XI Punjab,29.0,,PP Chawla,2011,0
501258,2011,2011-05-15,Holkar Cricket Stadium,Indore,Kochi Tuskers Kerala,Rajasthan Royals,Kochi Tuskers Kerala,field,Kochi Tuskers Kerala,,8.0,BJ Hodge,2011,1
501259,2011,2011-05-16,Dr DY Patil Sports Academy,Mumbai,Pune Warriors,Deccan Chargers,Deccan Chargers,field,Deccan Chargers,,6.0,A Mishra,2011,1
501260,2011,2011-05-17,Himachal Pradesh Cricket Association Stadium,Dharamsala,Kings XI Punjab,Royal Challengers Bangalore,Kings XI Punjab,bat,Kings XI Punjab,111.0,,AC Gilchrist,2011,1
501261,2011,2011-05-18,"MA Chidambaram Stadium, Chepauk",Chennai,Chennai Super Kings,Kochi Tuskers Kerala,Chennai Super Kings,bat,Chennai Super Kings,11.0,,WP Saha,2011,1
501262,2011,2011-05-19,Dr DY Patil Sports Academy,Mumbai,Pune Warriors,Kolkata Knight Riders,Kolkata Knight Riders,field,Kolkata Knight Riders,,7.0,YK Pathan,2011,1
501263,2011,2011-05-20,Wankhede Stadium,Mumbai,Mumbai Indians,Rajasthan Royals,Mumbai Indians,bat,Rajasthan Royals,,10.0,SR Watson,2011,0
501264,2011,2011-05-21,Himachal Pradesh Cricket Association Stadium,Dharamsala,Kings XI Punjab,Deccan Chargers,Kings XI Punjab,field,Deccan Chargers,82.0,,S Dhawan,2011,0
501265,2011,2011-05-21,Feroz Shah Kotla,Delhi,Delhi Daredevils,Pune Warriors,Delhi Daredevils,bat,,,,,2011,0
501266,2011,2011-05-22,M Chinnaswamy Stadium,Bangalore,Royal Challengers Bangalore,Chennai Super Kings,Royal Challengers Bangalore,field,Royal Challengers Bangalore,,8.0,CH Gayle,2011,1
501267,2011,2011-05-22,Eden Gardens,Kolkata,Kolkata Knight Riders,Mumbai Indians,Mumbai Indians,field,Mumbai Indians,,5.0,JEC Franklin,2011,1
501268,2011,2011-05-24,Wankhede Stadium,Mumbai,Royal Challengers Bangalore,Chennai Super Kings,Chennai Super Kings,field,Chennai Super Kings,,6.0,SK Raina,2011,1
501269,2011,2011-05-25,Wankhede Stadium,Mumbai,Mumbai Indians,Kolkata Knight Riders,Mumbai Indians,field,Mumbai Indians,,4.0,MM Patel,2011,1
501270,2011,2011-05-27,"MA Chidambaram Stadium, Chepauk",Chennai,Royal Challengers Bangalore,Mumbai Indians,Mumbai Indians,field,Royal Challengers Bangalore,43.0,,CH Gayle,2011,0
501271,2011,2011-05-28,"MA Chidambaram Stadium, Chepauk",Chennai,Chennai Super Kings,Royal Challengers Bangalore,Chennai Super Kings,bat,Chennai Super Kings,58.0,,M Vijay,2011,1
548306,2012,2012-04-04,"MA Chidambaram Stadium, Chepauk",Chennai,Chennai Super Kings,Mumbai Indians,Mumbai Indians,field,Mumbai Indians,,8.0,RE Levi,2012,1
548307,2012,2012-04-05,Eden Gardens,Kolkata,Kolkata Knight Riders,Delhi Daredevils,Delhi Daredevils,field,Delhi Daredevils,,8.0,IK Pathan,2012,1
548308,2012,2012-04-06,Wankhede Stadium,Mumbai,Mumbai Indians,Pune Warriors,Mumbai Indians,field,Pune Warriors,28.0,,SPD Smith,2012,0
548309,2012,2012-04-06,Sawai Mansingh Stadium,Jaipur,Rajasthan Royals,Kings XI Punjab,Kings XI Punjab,field,Rajasthan Royals,31.0,,AM Rahane,2012,0
548310,2012,2012-04-07,M Chinnaswamy Stadium,Bangalore,Royal Challengers Bangalore,Delhi Daredevils,Delhi Daredevils,field,Royal Challengers Bangalore,20.0,,AB de Villiers,2012,0
548311,2012,2012-04-07,Dr. Y.S. Rajasekhara Reddy ACA-VDCA Cricket Stadium,Visakhapatnam,Deccan Chargers,Chennai Super Kings,Deccan Chargers,field,Chennai Super Kings,74.0,,RA Jadeja,2012,0
548312,2012,2012-04-08,Sawai Mansingh Stadium,Jaipur,Rajasthan Royals,Kolkata Knight Riders,Kolkata Knight Riders,field,Rajasthan Royals,22.0,,BJ Hodge,2012,0
548313,2012,2012-04-08,Subrata Roy Sahara Stadium,Pune,Pune Warriors,Kings XI Punjab,Pune Warriors,bat,Pune Warriors,22.0,,MN Samuels,2012,1
548314,2012,2012-04-09,Dr. Y.S. Rajasekhara Reddy ACA-VDCA Cricket Stadium,Visakhapatnam,Deccan Chargers,Mumbai Indians,Deccan Chargers,bat,Mumbai Indians,,5.0,RG Sharma,2012,0
548315,2012,2012-04-10,M Chinnaswamy Stadium,Bangalore,Royal Challengers Bangalore,Kolkata Knight Riders,Royal Challengers Bangalore,field,Kolkata Knight Riders,42.0,,L Balaji,2012,0
548316,2012,2012-04-10,Feroz Shah Kotla,Delhi,Delhi Daredevils,Chennai Super Kings,Delhi Daredevils,field,Delhi Daredevils,,8.0,M Morkel,2012,1
548317,2012,2012-04-11,Wankhede Stadium,Mumbai,Mumbai Indians,Rajasthan Royals,Rajasthan Royals,field,Mumbai Indians,27.0,,KA Pollard,2012,0
548318,2012,2012-04-12,"MA Chidambaram Stadium, Chepauk",Chennai,Chennai Super Kings,Royal Challengers Bangalore,Royal Challengers Bangalore,bat,Chennai Super Kings,,5.0,F du Plessis,2012,0
548319,2012,2012-04-12,"Punjab Cricket Association Stadium, Mohali",Chandigarh,Kings XI Punjab,Pune Warriors,Kings XI Punjab,field,Kings XI Punjab,,7.0,AD Mascarenhas,2012,1
548320,2012,2012-04-13,Eden Gardens,Kolkata,Kolkata Knight Riders,Rajasthan Royals,Rajasthan Royals,bat,Kolkata Knight Riders,,5.0,Shakib Al Hasan,2012,0
548321,2012,2012-04-19,Feroz Shah Kotla,Delhi,Delhi Daredevils,Deccan Chargers,Deccan Chargers,bat,Delhi Daredevils,,5.0,KP Pietersen,2012,0
548322,2012,2012-04-14,Subrata Roy Sahara Stadium,Pune,Pune Warriors,Chennai Super Kings,Chennai Super Kings,bat,Pune Warriors,,7.0,JD Ryder,2012,0
548323,2012,2012-04-15,Eden Gardens,Kolkata,Kolkata Knight Riders,Kings XI Punjab,Kolkata Knight Riders,field,Kings XI Punjab,2.0,,SP Narine,2012,0
548324,2012,2012-04-15,M Chinnaswamy Stadium,Bangalore,Royal Challengers Bangalore,Rajasthan Royals,Rajasthan Royals,bat,Rajasthan Royals,59.0,,AM Rahane,2012,1
548325,2012,2012-04-16,Wankhede Stadium,Mumbai,Mumbai Indians,Delhi Daredevils,Delhi Daredevils,field,Delhi Daredevils,,7.0,S Nadeem,2012,1
548326,2012,2012-04-17,Sawai Mansingh Stadium,Jaipur,Rajasthan Royals,Deccan Chargers,Deccan Chargers,bat,Rajasthan Royals,,5.0,BJ Hodge,2012,0
548327,2012,2012-04-17,M Chinnaswamy Stadium,Bangalore,Royal Challengers Bangalore,Pune Warriors,Pune Warriors,bat,Royal Challengers Bangalore,,6.0,CH Gayle,2012,0
548328,2012,2012-04-18,"Punjab Cricket Association Stadium, Mohali",Chandigarh,Kings XI Punjab,Kolkata Knight Riders,Kings XI Punjab,bat,Kolkata Knight Riders,,8.0,G Gambhir,2012,0
548329,2012,2012-05-10,"Rajiv Gandhi International Stadium, Uppal",Hyderabad,Deccan Chargers,Delhi Daredevils,Deccan Chargers,bat,Delhi Daredevils,,9.0,DA Warner,2012,0
548330,2012,2012-04-19,"MA Chidambaram Stadium, Chepauk",Chennai,Chennai Super Kings,Pune Warriors,Pune Warriors,field,Chennai Super Kings,13.0,,KMDN Kulasekara,2012,0
548331,2012,2012-04-20,"Punjab Cricket Association Stadium, Mohali",Chandigarh,Kings XI Punjab,Royal Challengers Bangalore,Royal Challengers Bangalore,field,Royal Challengers Bangalore,,5.0,CH Gayle,2012,1
548332,2012,2012-04-21,"MA Chidambaram Stadium, Chepauk",Chennai,Chennai Super Kings,Rajasthan Royals,Rajasthan Royals,bat,Chennai Super Kings,,7.0,F du Plessis,2012,0
548333,2012,2012-04-21,Feroz Shah Kotla,Delhi,Delhi Daredevils,Pune Warriors,Delhi Daredevils,field,Pune Warriors,20.0,,SC Ganguly,2012,0
548334,2012,2012-04-22,Wankhede Stadium,Mumbai,Mumbai Indians,Kings XI Punjab,Mumbai Indians,bat,Kings XI Punjab,,6.0,SE Marsh,2012,0
548335,2012,2012-04-22,Barabati Stadium,Cuttack,Deccan Chargers,Kolkata Knight Riders,Kolkata Knight Riders,field,Kolkata Knight Riders,,5.0,B Lee,2012,1
548336,2012,2012-04-23,Sawai Mansingh Stadium,Jaipur,Rajasthan Royals,Royal Challengers Bangalore,Rajasthan Royals,field,Royal Challengers Bangalore,46.0,,AB de Villiers,2012,0
548337,2012,2012-04-24,Subrata Roy Sahara Stadium,Pune,Pune Warriors,Delhi Daredevils,Pune Warriors,bat,Delhi Daredevils,,8.0,V Sehwag,2012,0
548339,2012,2012-04-25,"Punjab Cricket Association Stadium, Mohali",Chandigarh,Kings XI Punjab,Mumbai Indians,Kings XI Punjab,bat,Mumbai Indians,,4.0,AT Rayudu,2012,0
548341,2012,2012-04-26,Subrata Roy Sahara Stadium,Pune,Pune Warriors,Deccan Chargers,Deccan Chargers,bat,Deccan Chargers,18.0,,CL White,2012,1
548342,2012,2012-04-27,Feroz Shah Kotla,Delhi,Delhi Daredevils,Mumbai Indians,Mumbai Indians,field,Delhi Daredevils,37.0,,V Sehwag,2012,0
548343,2012,2012-04-28,"MA Chidambaram Stadium, Chepauk",Chennai,Chennai Super Kings,Kings XI Punjab,Kings XI Punjab,bat,Kings XI Punjab,7.0,,Mandeep Singh,2012,1
548344,2012,2012-04-28,Eden Gardens,Kolkata,Kolkata Knight Riders,Royal Challengers Bangalore,Kolkata Knight Riders,bat,Kolkata Knight Riders,47.0,,G Gambhir,2012,1
548345,2012,2012-04-29,Feroz Shah Kotla,Delhi,Delhi Daredevils,Rajasthan Royals,Delhi Daredevils,bat,Delhi Daredevils,1.0,,V Sehwag,2012,1
548346,2012,2012-04-29,Wankhede Stadium,Mumbai,Mumbai Indians,Deccan Chargers,Mumbai Indians,field,Mumbai Indians,,5.0,DW Steyn,2012,1
548347,2012,2012-04-30,"MA Chidambaram Stadium, Chepauk",Chennai,Chennai Super Kings,Kolkata Knight Riders,Chennai Super Kings,bat,Kolkata Knight Riders,,5.0,G Gambhir,2012,0
548348,2012,2012-05-01,Barabati Stadium,Cuttack,Deccan Chargers,Pune Warriors,Deccan Chargers,bat,Deccan Chargers,13.0,,KC Sangakkara,2012,1
548349,2012,2012-05-01,Sawai Mansingh Stadium,Jaipur,Rajasthan Royals,Delhi Daredevils,Rajasthan Royals,bat,Delhi Daredevils,,6.0,P Negi,2012,0
548350,2012,2012-05-02,M Chinnaswamy Stadium,Bangalore,Royal Challengers Bangalore,Kings XI Punjab,Kings XI Punjab,field,Kings XI Punjab,,4.0,Azhar Mahmood,2012,1
548351,2012,2012-05-03,Subrata Roy Sahara Stadium,Pune,Pune Warriors,Mumbai Indians,Mumbai Indians,bat,Mumbai Indians,1.0,,SL Malinga,2012,1
548352,2012,2012-05-04,"MA Chidambaram Stadium, Chepauk",Chennai,Chennai Super Kings,Deccan Chargers,Chennai Super Kings,bat,Chennai Super Kings,10.0,,SK Raina,2012,1
548353,2012,2012-05-05,Eden Gardens,Kolkata,Kolkata Knight Riders,Pune Warriors,Kolkata Knight Riders,bat,Kolkata Knight Riders,7.0,,SP Narine,2012,1
548354,2012,2012-05-05,"Punjab Cricket Association Stadium, Mohali",Chandigarh,Kings XI Punjab,Rajasthan Royals,Rajasthan Royals,bat,Rajasthan Royals,43.0,,SR Watson,2012,1
548355,2012,2012-05-06,Wankhede Stadium,Mumbai,Mumbai Indians,Chennai Super Kings,Mumbai Indians,field,Mumbai Indians,,2.0,DR Smith,2012,1
548356,2012,2012-05-06,M Chinnaswamy Stadium,Bangalore,Royal Challengers Bangalore,Deccan Chargers,Royal Challengers Bangalore,field,Royal Challengers Bangalore,,5.0,AB de Villiers,2012,1
548357,2012,2012-05-07,Feroz Shah Kotla,Delhi,Delhi Daredevils,Kolkata Knight Riders,Delhi Daredevils,bat,Kolkata Knight Riders,,6.0,JH Kallis,2012,0
548358,2012,2012-05-08,Subrata Roy Sahara Stadium,Pune,Pune Warriors,Rajasthan Royals,Pune Warriors,bat,Rajasthan Royals,,7.0,SR Watson,2012,0
548359,2012,2012-05-08,"Rajiv Gandhi International Stadium, Uppal",Hyderabad,Deccan Chargers,Kings XI Punjab,Deccan Chargers,field,Kings XI Punjab,25.0,,Mandeep Singh,2012,0
548360,2012,2012-05-09,Wankhede Stadium,Mumbai,Mumbai Indians,Royal Challengers Bangalore,Royal Challengers Bangalore,field,Royal Challengers Bangalore,,9.0,CH Gayle,2012,1
548361,2012,2012-05-10,Sawai Mansingh Stadium,Jaipur,Rajasthan Royals,Chennai Super Kings,Chennai Super Kings,field,Chennai Super Kings,,4.0,BW Hilfenhaus,2012,1
548362,2012,2012-05-11,Subrata Roy Sahara Stadium,Pune,Pune Warriors,Royal Challengers Bangalore,Pune Warriors,field,Royal Challengers Bangalore,35.0,,CH Gayle,2012,0
548363,2012,2012-05-12,Eden Gardens,Kolkata,Kolkata Knight Riders,Mumbai Indians,Mumbai Indians,bat,Mumbai Indians,27.0,,RG Sharma,2012,1
548364,2012,2012-05-12,"MA Chidambaram Stadium, Chepauk",Chennai,Chennai Super Kings,Delhi Daredevils,Chennai Super Kings,field,Chennai Super Kings,,9.0,BW Hilfenhaus,2012,1
548365,2012,2012-05-13,Sawai Mansingh Stadium,Jaipur,Rajasthan Royals,Pune Warriors,Rajasthan Royals,bat,Rajasthan Royals,45.0,,A Chandila,2012,1
548366,2012,2012-05-13,"Punjab Cricket Association Stadium, Mohali",Chandigarh,Kings XI Punjab,Deccan Chargers,Deccan Chargers,bat,Kings XI Punjab,,4.0,DJ Hussey,2012,0
548367,2012,2012-05-14,M Chinnaswamy Stadium,Bangalore,Royal Challengers Bangalore,Mumbai Indians,Mumbai Indians,field,Mumbai Indians,,5.0,AT Rayudu,2012,1
548368,2012,2012-05-14,Eden Gardens,Kolkata,Kolkata Knight Riders,Chennai Super Kings,Chennai Super Kings,field,Chennai Super Kings,,5.0,MEK Hussey,2012,1
548369,2012,2012-05-15,Feroz Shah Kotla,Delhi,Delhi Daredevils,Kings XI Punjab,Kings XI Punjab,bat,Delhi Daredevils,,5.0,UT Yadav,2012,0
548370,2012,2012-05-16,Wankhede Stadium,Mumbai,Mumbai Indians,Kolkata Knight Riders,Mumbai Indians,field,Kolkata Knight Riders,32.0,,SP Narine,2012,0
548371,2012,2012-05-17,Himachal Pradesh Cricket Association Stadium,Dharamsala,Kings XI Punjab,Chennai Super Kings,Kings XI Punjab,field,Kings XI Punjab,,6.0,AC Gilchrist,2012,1
548372,2012,2012-05-17,Feroz Shah Kotla,Delhi,Delhi Daredevils,Royal Challengers Bangalore,Delhi Daredevils,field,Royal Challengers Bangalore,21.0,,CH Gayle,2012,0
548373,2012,2012-05-18,"Rajiv Gandhi International Stadium, Uppal",Hyderabad,Deccan Chargers,Rajasthan Royals,Rajasthan Royals,bat,Deccan Chargers,,5.0,DW Steyn,2012,0
548374,2012,2012-05-19,Himachal Pradesh Cricket Association Stadium,Dharamsala,Kings XI Punjab,Delhi Daredevils,Delhi Daredevils,field,Delhi Daredevils,,6.0,UT Yadav,2012,1
548375,2012,2012-05-19,Subrata Roy Sahara Stadium,Pune,Pune Warriors,Kolkata Knight Riders,Kolkata Knight Riders,bat,Kolkata Knight Riders,34.0,,Shakib Al Hasan,2012,1
548376,2012,2012-05-20,"Rajiv Gandhi International Stadium, Uppal",Hyderabad,Deccan Chargers,Royal Challengers Bangalore,Royal Challengers Bangalore,field,Deccan Chargers,9.0,,DW Steyn,2012,0
548377,2012,2012-05-20,Sawai Mansingh Stadium,Jaipur,Rajasthan Royals,Mumbai Indians,Rajasthan Royals,bat,Mumbai Indians,,10.0,DR Smith,2012,0
548378,2012,2012-05-22,Subrata Roy Sahara Stadium,Pune,Delhi Daredevils,Kolkata Knight Riders,Kolkata Knight Riders,bat,Kolkata Knight Riders,18.0,,YK Pathan,2012,1
548379,2012,2012-05-23,M Chinnaswamy Stadium,Bangalore,Chennai Super Kings,Mumbai Indians,Mumbai Indians,field,Chennai Super Kings,38.0,,MS Dhoni,2012,0
548380,2012,2012-05-25,"MA Chidambaram Stadium, Chepauk",Chennai,Delhi Daredevils,Chennai Super Kings,Delhi Daredevils,field,Chennai Super Kings,86.0,,M Vijay,2012,0
548381,2012,2012-05-27,"MA Chidambaram Stadium, Chepauk",Chennai,Kolkata Knight Riders,Chennai Super Kings,Chennai Super Kings,bat,Kolkata Knight Riders,,5.0,MS Bisla,2012,0
597998,2013,2013-04-03,Eden Gardens,Kolkata,Kolkata Knight Riders,Delhi Daredevils,Kolkata Knight Riders,field,Kolkata Knight Riders,,6.0,SP Narine,2013,1
597999,2013,2013-04-04,M Chinnaswamy Stadium,Bangalore,Royal Challengers Bangalore,Mumbai Indians,Mumbai Indians,field,Royal Challengers Bangalore,2.0,,CH Gayle,2013,0
598000,2013,2013-04-05,"Rajiv Gandhi International Stadium, Uppal",Hyderabad,Sunrisers Hyderabad,Pune Warriors,Pune Warriors,field,Sunrisers Hyderabad,22.0,,A Mishra,2013,0
598001,2013,2013-04-06,Feroz Shah Kotla,Delhi,Delhi Daredevils,Rajasthan Royals,Rajasthan Royals,bat,Rajasthan Royals,5.0,,R Dravid,2013,1
598002,2013,2013-04-06,"MA Chidambaram Stadium, Chepauk",Chennai,Chennai Super Kings,Mumbai Indians,Mumbai Indians,bat,Mumbai Indians,9.0,,KA Pollard,2013,1
598003,2013,2013-04-07,Subrata Roy Sahara Stadium,Pune,Pune Warriors,Kings XI Punjab,Pune Warriors,bat,Kings XI Punjab,,8.0,M Vohra,2013,0
598004,2013,2013-04-07,"Rajiv Gandhi International Stadium, Uppal",Hyderabad,Sunrisers Hyderabad,Royal Challengers Bangalore,Royal Challengers Bangalore,bat,,,,GH Vihari,2013,0
598005,2013,2013-04-08,Sawai Mansingh Stadium,Jaipur,Rajasthan Royals,Kolkata Knight Riders,Kolkata Knight Riders,field,Rajasthan Royals,19.0,,SK Trivedi,2013,0
598006,2013,2013-04-09,Wankhede Stadium,Mumbai,Mumbai Indians,Delhi Daredevils,Mumbai Indians,bat,Mumbai Indians,44.0,,KD Karthik,2013,1
598007,2013,2013-04-10,"Punjab Cricket Association Stadium, Mohali",Chandigarh,Kings XI Punjab,Chennai Super Kings,Chennai Super Kings,field,Chennai Super Kings,,10.0,MEK Hussey,2013,1
598008,2013,2013-04-11,M Chinnaswamy Stadium,Bangalore,Royal Challengers Bangalore,Kolkata Knight Riders,Royal Challengers Bangalore,field,Royal Challengers Bangalore,,8.0,CH Gayle,2013,1
598009,2013,2013-04-11,Subrata Roy Sahara Stadium,Pune,Pune Warriors,Rajasthan Royals,Rajasthan Royals,bat,Pune Warriors,,7.0,AJ Finch,2013,0
598010,2013,2013-04-12,Feroz Shah Kotla,Delhi,Delhi Daredevils,Sunrisers Hyderabad,Delhi Daredevils,bat,Sunrisers Hyderabad,,3.0,A Mishra,2013,0
598011,2013,2013-04-13,Wankhede Stadium,Mumbai,Mumbai Indians,Pune Warriors,Mumbai Indians,bat,Mumbai Indians,41.0,,RG Sharma,2013,1
598012,2013,2013-04-13,"MA Chidambaram Stadium, Chepauk",Chennai,Chennai Super Kings,Royal Challengers Bangalore,Chennai Super Kings,field,Chennai Super Kings,,4.0,RA Jadeja,2013,1
598013,2013,2013-04-14,Eden Gardens,Kolkata,Kolkata Knight Riders,Sunrisers Hyderabad,Kolkata Knight Riders,bat,Kolkata Knight Riders,48.0,,G Gambhir,2013,1
598014,2013,2013-04-14,Sawai Mansingh Stadium,Jaipur,Rajasthan Royals,Kings XI Punjab,Rajasthan Royals,field,Rajasthan Royals,,6.0,JP Faulkner,2013,1
598015,2013,2013-04-15,"MA Chidambaram Stadium, Chepauk",Chennai,Chennai Super Kings,Pune Warriors,Pune Warriors,bat,Pune Warriors,24.0,,SPD Smith,2013,1
598016,2013,2013-04-16,"Punjab Cricket Association Stadium, Mohali",Chandigarh,Kings XI Punjab,Kolkata Knight Riders,Kolkata Knight Riders,field,Kings XI Punjab,4.0,,MS Gony,2013,0
598017,2013,2013-04-16,M Chinnaswamy Stadium,Bangalore,Royal Challengers Bangalore,Delhi Daredevils,Royal Challengers Bangalore,field,,,,V Kohli,2013,0
598018,2013,2013-04-17,Maharashtra Cricket Association Stadium,Pune,Pune Warriors,Sunrisers Hyderabad,Pune Warriors,field,Sunrisers Hyderabad,11.0,,A Mishra,2013,0
598019,2013,2013-04-17,Sawai Mansingh Stadium,Jaipur,Rajasthan Royals,Mumbai Indians,Rajasthan Royals,bat,Rajasthan Royals,87.0,,AM Rahane,2013,1
598020,2013,2013-04-18,Feroz Shah Kotla,Delhi,Delhi Daredevils,Chennai Super Kings,Chennai Super Kings,bat,Chennai Super Kings,86.0,,MEK Hussey,2013,1
598021,2013,2013-04-19,"Rajiv Gandhi International Stadium, Uppal",Hyderabad,Sunrisers Hyderabad,Kings XI Punjab,Kings XI Punjab,bat,Sunrisers Hyderabad,,5.0,GH Vihari,2013,0
598022,2013,2013-04-20,Eden Gardens,Kolkata,Kolkata Knight Riders,Chennai Super Kings,Kolkata Knight Riders,bat,Chennai Super Kings,,4.0,RA Jadeja,2013,0
598023,2013,2013-04-20,M Chinnaswamy Stadium,Bangalore,Royal Challengers Bangalore,Rajasthan Royals,Royal Challengers Bangalore,field,Royal Challengers Bangalore,,7.0,R Vinay Kumar,2013,1
598024,2013,2013-04-21,Feroz Shah Kotla,Delhi,Delhi Daredevils,Mumbai Indians,Mumbai Indians,bat,Delhi Daredevils,,9.0,V Sehwag,2013,0
598025,2013,2013-04-21,"Punjab Cricket Association Stadium, Mohali",Chandigarh,Kings XI Punjab,Pune Warriors,Kings XI Punjab,field,Kings XI Punjab,,7.0,DA Miller,2013,1
598026,2013,2013-04-22,"MA Chidambaram Stadium, Chepauk",Chennai,Chennai Super Kings,Rajasthan Royals,Rajasthan Royals,bat,Chennai Super Kings,,5.0,MEK Hussey,2013,0
598027,2013,2013-04-23,M Chinnaswamy Stadium,Bangalore,Royal Challengers Bangalore,Pune Warriors,Pune Warriors,field,Royal Challengers Bangalore,130.0,,CH Gayle,2013,0
598028,2013,2013-05-16,Himachal Pradesh Cricket Association Stadium,Dharamsala,Kings XI Punjab,Delhi Daredevils,Delhi Daredevils,field,Kings XI Punjab,7.0,,DA Miller,2013,0
598029,2013,2013-04-24,Eden Gardens,Kolkata,Kolkata Knight Riders,Mumbai Indians,Kolkata Knight Riders,bat,Mumbai Indians,,5.0,DR Smith,2013,0
598030,2013,2013-04-25,"MA Chidambaram Stadium, Chepauk",Chennai,Chennai Super Kings,Sunrisers Hyderabad,Sunrisers Hyderabad,bat,Chennai Super Kings,,5.0,MS Dhoni,2013,0
598031,2013,2013-04-26,Eden Gardens,Kolkata,Kolkata Knight Riders,Kings XI Punjab,Kings XI Punjab,bat,Kolkata Knight Riders,,6.0,JH Kallis,2013,0
598032,2013,2013-04-27,Sawai Mansingh Stadium,Jaipur,Rajasthan Royals,Sunrisers Hyderabad,Sunrisers Hyderabad,bat,Rajasthan Royals,,8.0,JP Faulkner,2013,0
598033,2013,2013-04-27,Wankhede Stadium,Mumbai,Mumbai Indians,Royal Challengers Bangalore,Mumbai Indians,bat,Mumbai Indians,58.0,,DR Smith,2013,1
598034,2013,2013-04-28,"MA Chidambaram Stadium, Chepauk",Chennai,Chennai Super Kings,Kolkata Knight Riders,Kolkata Knight Riders,field,Chennai Super Kings,14.0,,MEK Hussey,2013,0
598035,2013,2013-04-28,Shaheed Veer Narayan Singh International Stadium,Raipur,Delhi Daredevils,Pune Warriors,Pune Warriors,field,Delhi Daredevils,15.0,,DA Warner,2013,0
598036,2013,2013-04-29,Sawai Mansingh Stadium,Jaipur,Rajasthan Royals,Royal Challengers Bangalore,Rajasthan Royals,field,Rajasthan Royals,,4.0,SV Samson,2013,1
598037,2013,2013-04-29,Wankhede Stadium,Mumbai,Mumbai Indians,Kings XI Punjab,Mumbai Indians,bat,Mumbai Indians,4.0,,RG Sharma,2013,1
598038,2013,2013-04-30,Subrata Roy Sahara Stadium,Pune,Pune Warriors,Chennai Super Kings,Chennai Super Kings,bat,Chennai Super Kings,37.0,,MS Dhoni,2013,1
598039,2013,2013-05-01,"Rajiv Gandhi International Stadium, Uppal",Hyderabad,Sunrisers Hyderabad,Mumbai Indians,Mumbai Indians,bat,Sunrisers Hyderabad,,7.0,I Sharma,2013,0
598040,2013,2013-05-01,Shaheed Veer Narayan Singh International Stadium,Raipur,Delhi Daredevils,Kolkata Knight Riders,Kolkata Knight Riders,bat,Delhi Daredevils,,7.0,DA Warner,2013,0
598041,2013,2013-05-02,"MA Chidambaram Stadium, Chepauk",Chennai,Chennai Super Kings,Kings XI Punjab,Chennai Super Kings,bat,Chennai Super Kings,15.0,,SK Raina,2013,1
598042,2013,2013-05-02,Subrata Roy Sahara Stadium,Pune,Pune Warriors,Royal Challengers Bangalore,Royal Challengers Bangalore,bat,Royal Challengers Bangalore,17.0,,AB de Villiers,2013,1
598043,2013,2013-05-03,Eden Gardens,Kolkata,Kolkata Knight Riders,Rajasthan Royals,Rajasthan Royals,bat,Kolkata Knight Riders,,8.0,YK Pathan,2013,0
598044,2013,2013-05-04,"Rajiv Gandhi International Stadium, Uppal",Hyderabad,Sunrisers Hyderabad,Delhi Daredevils,Delhi Daredevils,bat,Sunrisers Hyderabad,,6.0,DJG Sammy,2013,0
598045,2013,2013-05-14,M Chinnaswamy Stadium,Bangalore,Royal Challengers Bangalore,Kings XI Punjab,Kings XI Punjab,field,Kings XI Punjab,,7.0,AC Gilchrist,2013,1
598046,2013,2013-05-05,Wankhede Stadium,Mumbai,Mumbai Indians,Chennai Super Kings,Mumbai Indians,bat,Mumbai Indians,60.0,,MG Johnson,2013,1
598047,2013,2013-05-05,Sawai Mansingh Stadium,Jaipur,Rajasthan Royals,Pune Warriors,Pune Warriors,bat,Rajasthan Royals,,5.0,AM Rahane,2013,0
598048,2013,2013-04-09,M Chinnaswamy Stadium,Bangalore,Royal Challengers Bangalore,Sunrisers Hyderabad,Sunrisers Hyderabad,bat,Royal Challengers Bangalore,,7.0,V Kohli,2013,0
598049,2013,2013-05-07,Sawai Mansingh Stadium,Jaipur,Rajasthan Royals,Delhi Daredevils,Delhi Daredevils,bat,Rajasthan Royals,,9.0,AM Rahane,2013,0
598050,2013,2013-05-07,Wankhede Stadium,Mumbai,Mumbai Indians,Kolkata Knight Riders,Mumbai Indians,bat,Mumbai Indians,65.0,,SR Tendulkar,2013,1
598051,2013,2013-05-08,"Rajiv Gandhi International Stadium, Uppal",Hyderabad,Sunrisers Hyderabad,Chennai Super Kings,Sunrisers Hyderabad,field,Chennai Super Kings,77.0,,SK Raina,2013,0
598052,2013,2013-05-09,"Punjab Cricket Association Stadium, Mohali",Chandigarh,Kings XI Punjab,Rajasthan Royals,Rajasthan Royals,field,Rajasthan Royals,,8.0,KK Cooper,2013,1
598053,2013,2013-05-09,Subrata Roy Sahara Stadium,Pune,Pune Warriors,Kolkata Knight Riders,Kolkata Knight Riders,bat,Kolkata Knight Riders,46.0,,G Gambhir,2013,1
598054,2013,2013-05-10,Feroz Shah Kotla,Delhi,Delhi Daredevils,Royal Challengers Bangalore,Delhi Daredevils,field,Royal Challengers Bangalore,4.0,,JD Unadkat,2013,0
598055,2013,2013-05-11,Subrata Roy Sahara Stadium,Pune,Pune Warriors,Mumbai Indians,Pune Warriors,bat,Mumbai Indians,,5.0,MG Johnson,2013,0
598056,2013,2013-05-11,"Punjab Cricket Association Stadium, Mohali",Chandigarh,Kings XI Punjab,Sunrisers Hyderabad,Kings XI Punjab,field,Sunrisers Hyderabad,30.0,,PA Patel,2013,0
598057,2013,2013-05-12,JSCA International Stadium Complex,Ranchi,Kolkata Knight Riders,Royal Challengers Bangalore,Kolkata Knight Riders,field,Kolkata Knight Riders,,5.0,JH Kallis,2013,1
598058,2013,2013-05-12,Sawai Mansingh Stadium,Jaipur,Rajasthan Royals,Chennai Super Kings,Rajasthan Royals,field,Rajasthan Royals,,5.0,SR Watson,2013,1
598059,2013,2013-04-23,Feroz Shah Kotla,Delhi,Delhi Daredevils,Kings XI Punjab,Kings XI Punjab,field,Kings XI Punjab,,5.0,Harmeet Singh,2013,1
598060,2013,2013-05-13,Wankhede Stadium,Mumbai,Mumbai Indians,Sunrisers Hyderabad,Sunrisers Hyderabad,bat,Mumbai Indians,,7.0,KA Pollard,2013,0
598061,2013,2013-05-15,JSCA International Stadium Complex,Ranchi,Kolkata Knight Riders,Pune Warriors,Kolkata Knight Riders,field,Pune Warriors,7.0,,MK Pandey,2013,0
598062,2013,2013-05-14,"MA Chidambaram Stadium, Chepauk",Chennai,Chennai Super Kings,Delhi Daredevils,Chennai Super Kings,bat,Chennai Super Kings,33.0,,MS Dhoni,2013,1
598063,2013,2013-05-15,Wankhede Stadium,Mumbai,Mumbai Indians,Rajasthan Royals,Rajasthan Royals,field,Mumbai Indians,14.0,,AP Tare,2013,0
598064,2013,2013-05-06,"Punjab Cricket Association Stadium, Mohali",Chandigarh,Kings XI Punjab,Royal Challengers Bangalore,Kings XI Punjab,field,Kings XI Punjab,,6.0,DA Miller,2013,1
598065,2013,2013-05-17,"Rajiv Gandhi International Stadium, Uppal",Hyderabad,Sunrisers Hyderabad,Rajasthan Royals,Sunrisers Hyderabad,bat,Sunrisers Hyderabad,23.0,,A Mishra,2013,1
598066,2013,2013-05-18,Himachal Pradesh Cricket Association Stadium,Dharamsala,Kings XI Punjab,Mumbai Indians,Mumbai Indians,field,Kings XI Punjab,50.0,,Azhar Mahmood,2013,0
598067,2013,2013-05-19,Subrata Roy Sahara Stadium,Pune,Pune Warriors,Delhi Daredevils,Pune Warriors,bat,Pune Warriors,38.0,,LJ Wright,2013,1
598068,2013,2013-05-18,M Chinnaswamy Stadium,Bangalore,Royal Challengers Bangalore,Chennai Super Kings,Chennai Super Kings,field,Royal Challengers Bangalore,24.0,,V Kohli,2013,0
598069,2013,2013-05-19,"Rajiv Gandhi International Stadium, Uppal",Hyderabad,Sunrisers Hyderabad,Kolkata Knight Riders,Kolkata Knight Riders,bat,Sunrisers Hyderabad,,5.0,PA Patel,2013,0
598070,2013,2013-05-21,Feroz Shah Kotla,Delhi,Chennai Super Kings,Mumbai Indians,Chennai Super Kings,bat,Chennai Super Kings,48.0,,MEK Hussey,2013,1
598071,2013,2013-05-22,Feroz Shah Kotla,Delhi,Rajasthan Royals,Sunrisers Hyderabad,Sunrisers Hyderabad,bat,Rajasthan Royals,,4.0,BJ Hodge,2013,0
598072,2013,2013-05-24,Eden Gardens,Kolkata,Mumbai Indians,Rajasthan Royals,Rajasthan Royals,bat,Mumbai Indians,,4.0,Harbhajan Singh,2013,0
598073,2013,2013-05-26,Eden Gardens,Kolkata,Chennai Super Kings,Mumbai Indians,Mumbai Indians,bat,Mumbai Indians,23.0,,KA Pollard,2013,1
729279,2014,2014-04-16,Sheikh Zayed Stadium,Abu Dhabi,Mumbai Indians,Kolkata Knight Riders,Kolkata Knight Riders,bat,Kolkata Knight Riders,41.0,,JH Kallis,2014,1
729281,2014,2014-04-17,Sharjah Cricket Stadium,,Delhi Daredevils,Royal Challengers Bangalore,Royal Challengers Bangalore,field,Royal Challengers Bangalore,,8.0,YS Chahal,2014,1
729283,2014,2014-04-18,Sheikh Zayed Stadium,Abu Dhabi,Chennai Super Kings,Kings XI Punjab,Chennai Super Kings,bat,Kings XI Punjab,,6.0,GJ Maxwell,2014,0
729285,2014,2014-04-18,Sheikh Zayed Stadium,Abu Dhabi,Sunrisers Hyderabad,Rajasthan Royals,Rajasthan Royals,field,Rajasthan Royals,,4.0,AM Rahane,2014,1
729287,2014,2014-04-19,Dubai International Cricket Stadium,,Royal Challengers Bangalore,Mumbai Indians,Royal Challengers Bangalore,field,Royal Challengers Bangalore,,7.0,PA Patel,2014,1
729289,2014,2014-04-19,Dubai International Cricket Stadium,,Kolkata Knight Riders,Delhi Daredevils,Kolkata Knight Riders,bat,Delhi Daredevils,,4.0,JP Duminy,2014,0
729291,2014,2014-04-20,Sharjah Cricket Stadium,,Rajasthan Royals,Kings XI Punjab,Kings XI Punjab,field,Kings XI Punjab,,7.0,GJ Maxwell,2014,1
729293,2014,2014-04-21,Sheikh Zayed Stadium,Abu Dhabi,Chennai Super Kings,Delhi Daredevils,Chennai Super Kings,bat,Chennai Super Kings,93.0,,SK Raina,2014,1
729295,2014,2014-04-22,Sharjah Cricket Stadium,,Kings XI Punjab,Sunrisers Hyderabad,Sunrisers Hyderabad,field,Kings XI Punjab,72.0,,GJ Maxwell,2014,0
729297,2014,2014-04-23,Dubai International Cricket Stadium,,Rajasthan Royals,Chennai Super Kings,Rajasthan Royals,field,Chennai Super Kings,7.0,,RA Jadeja,2014,0
729299,2014,2014-04-24,Sharjah Cricket Stadium,,Royal Challengers Bangalore,Kolkata Knight Riders,Royal Challengers Bangalore,field,Kolkata Knight Riders,2.0,,CA Lynn,2014,0
729301,2014,2014-04-25,Dubai International Cricket Stadium,,Sunrisers Hyderabad,Delhi Daredevils,Sunrisers Hyderabad,bat,Sunrisers Hyderabad,4.0,,AJ Finch,2014,1
729303,2014,2014-04-25,Dubai International Cricket Stadium,,Chennai Super Kings,Mumbai Indians,Mumbai Indians,bat,Chennai Super Kings,,7.0,MM Sharma,2014,0
729305,2014,2014-04-26,Sheikh Zayed Stadium,Abu Dhabi,Rajasthan Royals,Royal Challengers Bangalore,Rajasthan Royals,field,Rajasthan Royals,,6.0,PV Tambe,2014,1
729307,2014,2014-04-26,Sheikh Zayed Stadium,Abu Dhabi,Kolkata Knight Riders,Kings XI Punjab,Kolkata Knight Riders,field,Kings XI Punjab,23.0,,Sandeep Sharma,2014,0
729309,2014,2014-04-27,Sharjah Cricket Stadium,,Delhi Daredevils,Mumbai Indians,Mumbai Indians,bat,Delhi Daredevils,,6.0,M Vijay,2014,0
729311,2014,2014-04-27,Sharjah Cricket Stadium,,Sunrisers Hyderabad,Chennai Super Kings,Sunrisers Hyderabad,bat,Chennai Super Kings,,5.0,DR Smith,2014,0
729313,2014,2014-04-28,Dubai International Cricket Stadium,,Kings XI Punjab,Royal Challengers Bangalore,Kings XI Punjab,field,Kings XI Punjab,,5.0,Sandeep Sharma,2014,1
729315,2014,2014-04-29,Sheikh Zayed Stadium,Abu Dhabi,Kolkata Knight Riders,Rajasthan Royals,Rajasthan Royals,bat,,,,JP Faulkner,2014,0
729317,2014,2014-04-30,Dubai International Cricket Stadium,,Mumbai Indians,Sunrisers Hyderabad,Mumbai Indians,field,Sunrisers Hyderabad,15.0,,B Kumar,2014,0
733971,2014,2014-05-02,JSCA International Stadium Complex,Ranchi,Chennai Super Kings,Kolkata Knight Riders,Chennai Super Kings,bat,Chennai Super Kings,34.0,,RA Jadeja,2014,1
733973,2014,2014-05-03,Wankhede Stadium,Mumbai,Mumbai Indians,Kings XI Punjab,Kings XI Punjab,bat,Mumbai Indians,,5.0,CJ Anderson,2014,0
733975,2014,2014-05-03,Feroz Shah Kotla,Delhi,Delhi Daredevils,Rajasthan Royals,Rajasthan Royals,field,Rajasthan Royals,,7.0,KK Nair,2014,1
733977,2014,2014-05-04,M Chinnaswamy Stadium,Bangalore,Royal Challengers Bangalore,Sunrisers Hyderabad,Royal Challengers Bangalore,field,Royal Challengers Bangalore,,4.0,AB de Villiers,2014,1
733979,2014,2014-05-05,"Sardar Patel Stadium, Motera",Ahmedabad,Rajasthan Royals,Kolkata Knight Riders,Kolkata Knight Riders,field,Rajasthan Royals,10.0,,PV Tambe,2014,0
733981,2014,2014-05-05,Feroz Shah Kotla,Delhi,Delhi Daredevils,Chennai Super Kings,Chennai Super Kings,field,Chennai Super Kings,,8.0,DR Smith,2014,1
733983,2014,2014-05-06,Wankhede Stadium,Mumbai,Mumbai Indians,Royal Challengers Bangalore,Royal Challengers Bangalore,field,Mumbai Indians,19.0,,RG Sharma,2014,0
733985,2014,2014-05-07,Feroz Shah Kotla,Delhi,Delhi Daredevils,Kolkata Knight Riders,Delhi Daredevils,bat,Kolkata Knight Riders,,8.0,G Gambhir,2014,0
733987,2014,2014-05-07,Barabati Stadium,Cuttack,Kings XI Punjab,Chennai Super Kings,Chennai Super Kings,field,Kings XI Punjab,44.0,,GJ Maxwell,2014,0
733989,2014,2014-05-08,"Sardar Patel Stadium, Motera",Ahmedabad,Rajasthan Royals,Sunrisers Hyderabad,Rajasthan Royals,field,Sunrisers Hyderabad,32.0,,B Kumar,2014,0
733991,2014,2014-05-09,M Chinnaswamy Stadium,Bangalore,Royal Challengers Bangalore,Kings XI Punjab,Royal Challengers Bangalore,field,Kings XI Punjab,32.0,,Sandeep Sharma,2014,0
733993,2014,2014-05-10,Feroz Shah Kotla,Delhi,Delhi Daredevils,Sunrisers Hyderabad,Sunrisers Hyderabad,field,Sunrisers Hyderabad,,8.0,DW Steyn,2014,1
733995,2014,2014-05-10,Wankhede Stadium,Mumbai,Mumbai Indians,Chennai Super Kings,Chennai Super Kings,field,Chennai Super Kings,,4.0,DR Smith,2014,1
733997,2014,2014-05-11,Barabati Stadium,Cuttack,Kings XI Punjab,Kolkata Knight Riders,Kolkata Knight Riders,field,Kolkata Knight Riders,,9.0,G Gambhir,2014,1
733999,2014,2014-05-11,M Chinnaswamy Stadium,Bangalore,Royal Challengers Bangalore,Rajasthan Royals,Royal Challengers Bangalore,bat,Rajasthan Royals,,5.0,JP Faulkner,2014,0
734001,2014,2014-05-12,"Rajiv Gandhi International Stadium, Uppal",Hyderabad,Sunrisers Hyderabad,Mumbai Indians,Sunrisers Hyderabad,bat,Mumbai Indians,,7.0,AT Rayudu,2014,0
734003,2014,2014-05-13,JSCA International Stadium Complex,Ranchi,Chennai Super Kings,Rajasthan Royals,Rajasthan Royals,bat,Chennai Super Kings,,5.0,RA Jadeja,2014,0
734005,2014,2014-05-13,M Chinnaswamy Stadium,Bangalore,Royal Challengers Bangalore,Delhi Daredevils,Delhi Daredevils,field,Royal Challengers Bangalore,16.0,,Yuvraj Singh,2014,0
734007,2014,2014-05-14,"Rajiv Gandhi International Stadium, Uppal",Hyderabad,Sunrisers Hyderabad,Kings XI Punjab,Kings XI Punjab,field,Kings XI Punjab,,6.0,WP Saha,2014,1
734009,2014,2014-05-14,Barabati Stadium,Cuttack,Kolkata Knight Riders,Mumbai Indians,Kolkata Knight Riders,field,Kolkata Knight Riders,,6.0,RV Uthappa,2014,1
734011,2014,2014-05-15,"Sardar Patel Stadium, Motera",Ahmedabad,Rajasthan Royals,Delhi Daredevils,Delhi Daredevils,field,Rajasthan Royals,62.0,,AM Rahane,2014,0
734013,2014,2014-05-18,JSCA International Stadium Complex,Ranchi,Chennai Super Kings,Royal Challengers Bangalore,Chennai Super Kings,bat,Royal Challengers Bangalore,,5.0,AB de Villiers,2014,0
734015,2014,2014-05-18,"Rajiv Gandhi International Stadium, Uppal",Hyderabad,Sunrisers Hyderabad,Kolkata Knight Riders,Sunrisers Hyderabad,bat,Kolkata Knight Riders,,7.0,UT Yadav,2014,0
734017,2014,2014-05-19,"Sardar Patel Stadium, Motera",Ahmedabad,Rajasthan Royals,Mumbai Indians,Mumbai Indians,bat,Mumbai Indians,25.0,,MEK Hussey,2014,1
734019,2014,2014-05-19,Feroz Shah Kotla,Delhi,Delhi Daredevils,Kings XI Punjab,Kings XI Punjab,field,Kings XI Punjab,,4.0,AR Patel,2014,1
734021,2014,2014-05-20,"Rajiv Gandhi International Stadium, Uppal",Hyderabad,Sunrisers Hyderabad,Royal Challengers Bangalore,Royal Challengers Bangalore,bat,Sunrisers Hyderabad,,7.0,DA Warner,2014,0
734023,2014,2014-05-20,Eden Gardens,Kolkata,Kolkata Knight Riders,Chennai Super Kings,Kolkata Knight Riders,field,Kolkata Knight Riders,,8.0,RV Uthappa,2014,1
734025,2014,2014-05-21,"Punjab Cricket Association Stadium, Mohali",Chandigarh,Kings XI Punjab,Mumbai Indians,Mumbai Indians,field,Mumbai Indians,,7.0,LMP Simmons,2014,1
734027,2014,2014-05-22,Eden Gardens,Kolkata,Kolkata Knight Riders,Royal Challengers Bangalore,Royal Challengers Bangalore,field,Kolkata Knight Riders,30.0,,RV Uthappa,2014,0
734029,2014,2014-05-22,JSCA International Stadium Complex,Ranchi,Chennai Super Kings,Sunrisers Hyderabad,Sunrisers Hyderabad,field,Sunrisers Hyderabad,,6.0,DA Warner,2014,1
734031,2014,2014-05-23,Wankhede Stadium,Mumbai,Mumbai Indians,Delhi Daredevils,Delhi Daredevils,field,Mumbai Indians,15.0,,MEK Hussey,2014,0
734033,2014,2014-05-23,"Punjab Cricket Association Stadium, Mohali",Chandigarh,Kings XI Punjab,Rajasthan Royals,Rajasthan Royals,field,Kings XI Punjab,16.0,,SE Marsh,2014,0
734035,2014,2014-05-24,M Chinnaswamy Stadium,Bangalore,Royal Challengers Bangalore,Chennai Super Kings,Chennai Super Kings,field,Chennai Super Kings,,8.0,MS Dhoni,2014,1
734037,2014,2014-05-24,Eden Gardens,Kolkata,Kolkata Knight Riders,Sunrisers Hyderabad,Kolkata Knight Riders,field,Kolkata Knight Riders,,4.0,YK Pathan,2014,1
734039,2014,2014-05-25,"Punjab Cricket Association Stadium, Mohali",Chandigarh,Kings XI Punjab,Delhi Daredevils,Kings XI Punjab,field,Kings XI Punjab,,7.0,M Vohra,2014,1
734041,2014,2014-05-25,Wankhede Stadium,Mumbai,Mumbai Indians,Rajasthan Royals,Mumbai Indians,field,Mumbai Indians,,5.0,CJ Anderson,2014,1
734043,2014,2014-05-28,Eden Gardens,Kolkata,Kings XI Punjab,Kolkata Knight Riders,Kings XI Punjab,field,Kolkata Knight Riders,28.0,,UT Yadav,2014,0
734045,2014,2014-05-28,Brabourne Stadium,Mumbai,Chennai Super Kings,Mumbai Indians,Chennai Super Kings,field,Chennai Super Kings,,7.0,SK Raina,2014,1
734047,2014,2014-05-30,Wankhede Stadium,Mumbai,Chennai Super Kings,Kings XI Punjab,Chennai Super Kings,field,Kings XI Punjab,24.0,,V Sehwag,2014,0
734049,2014,2014-06-01,M Chinnaswamy Stadium,Bangalore,Kolkata Knight Riders,Kings XI Punjab,Kolkata Knight Riders,field,Kolkata Knight Riders,,3.0,MK Pandey,2014,1
829705,2015,2015-04-08,Eden Gardens,Kolkata,Kolkata Knight Riders,Mumbai Indians,Kolkata Knight Riders,field,Kolkata Knight Riders,,7.0,M Morkel,2015,1
829707,2015,2015-04-09,"MA Chidambaram Stadium, Chepauk",Chennai,Chennai Super Kings,Delhi Daredevils,Delhi Daredevils,field,Chennai Super Kings,1.0,,A Nehra,2015,0
829709,2015,2015-04-10,Maharashtra Cricket Association Stadium,Pune,Kings XI Punjab,Rajasthan Royals,Kings XI Punjab,field,Rajasthan Royals,26.0,,JP Faulkner,2015,0
829711,2015,2015-04-11,"MA Chidambaram Stadium, Chepauk",Chennai,Chennai Super Kings,Sunrisers Hyderabad,Chennai Super Kings,bat,Chennai Super Kings,45.0,,BB McCullum,2015,1
829713,2015,2015-04-11,Eden Gardens,Kolkata,Kolkata Knight Riders,Royal Challengers Bangalore,Royal Challengers Bangalore,field,Royal Challengers Bangalore,,3.0,CH Gayle,2015,1
829715,2015,2015-04-12,Feroz Shah Kotla,Delhi,Delhi Daredevils,Rajasthan Royals,Rajasthan Royals,field,Rajasthan Royals,,3.0,DJ Hooda,2015,1
829717,2015,2015-04-12,Wankhede Stadium,Mumbai,Mumbai Indians,Kings XI Punjab,Mumbai Indians,field,Kings XI Punjab,18.0,,GJ Bailey,2015,0
829719,2015,2015-04-13,M Chinnaswamy Stadium,Bangalore,Royal Challengers Bangalore,Sunrisers Hyderabad,Sunrisers Hyderabad,field,Sunrisers Hyderabad,,8.0,DA Warner,2015,1
829721,2015,2015-04-14,"Sardar Patel Stadium, Motera",Ahmedabad,Rajasthan Royals,Mumbai Indians,Mumbai Indians,bat,Rajasthan Royals,,7.0,SPD Smith,2015,0
829723,2015,2015-04-30,Eden Gardens,Kolkata,Kolkata Knight Riders,Chennai Super Kings,Kolkata Knight Riders,field,Kolkata Knight Riders,,7.0,AD Russell,2015,1
829725,2015,2015-04-15,Maharashtra Cricket Association Stadium,Pune,Kings XI Punjab,Delhi Daredevils,Kings XI Punjab,bat,Delhi Daredevils,,5.0,MA Agarwal,2015,0
829727,2015,2015-04-16,Dr. Y.S. Rajasekhara Reddy ACA-VDCA Cricket Stadium,Visakhapatnam,Sunrisers Hyderabad,Rajasthan Royals,Rajasthan Royals,field,Rajasthan Royals,,6.0,AM Rahane,2015,1
829729,2015,2015-04-17,Wankhede Stadium,Mumbai,Mumbai Indians,Chennai Super Kings,Mumbai Indians,bat,Chennai Super Kings,,6.0,A Nehra,2015,0
829731,2015,2015-04-18,Dr. Y.S. Rajasekhara Reddy ACA-VDCA Cricket Stadium,Visakhapatnam,Sunrisers Hyderabad,Delhi Daredevils,Delhi Daredevils,bat,Delhi Daredevils,4.0,,JP Duminy,2015,1
829733,2015,2015-04-18,Maharashtra Cricket Association Stadium,Pune,Kings XI Punjab,Kolkata Knight Riders,Kolkata Knight Riders,field,Kolkata Knight Riders,,4.0,AD Russell,2015,1
829735,2015,2015-04-19,"Sardar Patel Stadium, Motera",Ahmedabad,Rajasthan Royals,Chennai Super Kings,Chennai Super Kings,bat,Rajasthan Royals,,8.0,AM Rahane,2015,0
829737,2015,2015-04-19,M Chinnaswamy Stadium,Bangalore,Royal Challengers Bangalore,Mumbai Indians,Royal Challengers Bangalore,field,Mumbai Indians,18.0,,Harbhajan Singh,2015,0
829739,2015,2015-04-20,Feroz Shah Kotla,Delhi,Delhi Daredevils,Kolkata Knight Riders,Kolkata Knight Riders,field,Kolkata Knight Riders,,6.0,UT Yadav,2015,1
829741,2015,2015-04-21,"Sardar Patel Stadium, Motera",Ahmedabad,Rajasthan Royals,Kings XI Punjab,Kings XI Punjab,field,,,,SE Marsh,2015,0
829743,2015,2015-04-22,Dr. Y.S. Rajasekhara Reddy ACA-VDCA Cricket Stadium,Visakhapatnam,Sunrisers Hyderabad,Kolkata Knight Riders,Kolkata Knight Riders,field,Sunrisers Hyderabad,16.0,,DA Warner,2015,0
829745,2015,2015-04-22,M Chinnaswamy Stadium,Bangalore,Royal Challengers Bangalore,Chennai Super Kings,Royal Challengers Bangalore,field,Chennai Super Kings,27.0,,SK Raina,2015,0
829747,2015,2015-04-23,Feroz Shah Kotla,Delhi,Delhi Daredevils,Mumbai Indians,Mumbai Indians,field,Delhi Daredevils,37.0,,SS Iyer,2015,0
829749,2015,2015-04-24,"Sardar Patel Stadium, Motera",Ahmedabad,Rajasthan Royals,Royal Challengers Bangalore,Royal Challengers Bangalore,field,Royal Challengers Bangalore,,9.0,MA Starc,2015,1
829751,2015,2015-04-25,Wankhede Stadium,Mumbai,Mumbai Indians,Sunrisers Hyderabad,Mumbai Indians,bat,Mumbai Indians,20.0,,SL Malinga,2015,1
829753,2015,2015-04-25,"MA Chidambaram Stadium, Chepauk",Chennai,Chennai Super Kings,Kings XI Punjab,Chennai Super Kings,bat,Chennai Super Kings,97.0,,BB McCullum,2015,1
829757,2015,2015-04-26,Feroz Shah Kotla,Delhi,Delhi Daredevils,Royal Challengers Bangalore,Royal Challengers Bangalore,field,Royal Challengers Bangalore,,10.0,VR Aaron,2015,1
829759,2015,2015-04-27,"Punjab Cricket Association Stadium, Mohali",Chandigarh,Kings XI Punjab,Sunrisers Hyderabad,Kings XI Punjab,field,Sunrisers Hyderabad,20.0,,TA Boult,2015,0
829761,2015,2015-05-07,Eden Gardens,Kolkata,Kolkata Knight Riders,Delhi Daredevils,Kolkata Knight Riders,bat,Kolkata Knight Riders,13.0,,PP Chawla,2015,1
829763,2015,2015-04-29,M Chinnaswamy Stadium,Bangalore,Royal Challengers Bangalore,Rajasthan Royals,Rajasthan Royals,field,,,,,2015,0
829765,2015,2015-04-28,"MA Chidambaram Stadium, Chepauk",Chennai,Chennai Super Kings,Kolkata Knight Riders,Kolkata Knight Riders,field,Chennai Super Kings,2.0,,DJ Bravo,2015,0
829767,2015,2015-05-01,Feroz Shah Kotla,Delhi,Delhi Daredevils,Kings XI Punjab,Delhi Daredevils,field,Delhi Daredevils,,9.0,NM Coulter-Nile,2015,1
829769,2015,2015-05-01,Wankhede Stadium,Mumbai,Mumbai Indians,Rajasthan Royals,Rajasthan Royals,field,Mumbai Indians,8.0,,AT Rayudu,2015,0
829771,2015,2015-05-02,M Chinnaswamy Stadium,Bangalore,Royal Challengers Bangalore,Kolkata Knight Riders,Royal Challengers Bangalore,field,Royal Challengers Bangalore,,7.0,Mandeep Singh,2015,1
829773,2015,2015-05-02,"Rajiv Gandhi International Stadium, Uppal",Hyderabad,Sunrisers Hyderabad,Chennai Super Kings,Chennai Super Kings,field,Sunrisers Hyderabad,22.0,,DA Warner,2015,0
829775,2015,2015-05-03,"Punjab Cricket Association Stadium, Mohali",Chandigarh,Kings XI Punjab,Mumbai Indians,Mumbai Indians,bat,Mumbai Indians,23.0,,LMP Simmons,2015,1
829777,2015,2015-05-03,Brabourne Stadium,Mumbai,Rajasthan Royals,Delhi Daredevils,Delhi Daredevils,field,Rajasthan Royals,14.0,,AM Rahane,2015,0
829779,2015,2015-05-04,"MA Chidambaram Stadium, Chepauk",Chennai,Chennai Super Kings,Royal Challengers Bangalore,Chennai Super Kings,bat,Chennai Super Kings,24.0,,SK Raina,2015,1
829781,2015,2015-05-04,Eden Gardens,Kolkata,Kolkata Knight Riders,Sunrisers Hyderabad,Sunrisers Hyderabad,field,Kolkata Knight Riders,35.0,,UT Yadav,2015,0
829783,2015,2015-05-05,Wankhede Stadium,Mumbai,Mumbai Indians,Delhi Daredevils,Delhi Daredevils,bat,Mumbai Indians,,5.0,Harbhajan Singh,2015,0
829785,2015,2015-05-06,M Chinnaswamy Stadium,Bangalore,Royal Challengers Bangalore,Kings XI Punjab,Kings XI Punjab,field,Royal Challengers Bangalore,138.0,,CH Gayle,2015,0
829787,2015,2015-05-07,Brabourne Stadium,Mumbai,Rajasthan Royals,Sunrisers Hyderabad,Rajasthan Royals,field,Sunrisers Hyderabad,7.0,,EJG Morgan,2015,0
829789,2015,2015-05-08,"MA Chidambaram Stadium, Chepauk",Chennai,Chennai Super Kings,Mumbai Indians,Chennai Super Kings,bat,Mumbai Indians,,6.0,HH Pandya,2015,0
829791,2015,2015-05-09,Eden Gardens,Kolkata,Kolkata Knight Riders,Kings XI Punjab,Kings XI Punjab,bat,Kolkata Knight Riders,,1.0,AD Russell,2015,0
829793,2015,2015-05-09,Shaheed Veer Narayan Singh International Stadium,Raipur,Delhi Daredevils,Sunrisers Hyderabad,Sunrisers Hyderabad,bat,Sunrisers Hyderabad,6.0,,MC Henriques,2015,1
829795,2015,2015-05-10,Wankhede Stadium,Mumbai,Mumbai Indians,Royal Challengers Bangalore,Royal Challengers Bangalore,bat,Royal Challengers Bangalore,39.0,,AB de Villiers,2015,1
829797,2015,2015-05-10,"MA Chidambaram Stadium, Chepauk",Chennai,Chennai Super Kings,Rajasthan Royals,Chennai Super Kings,bat,Chennai Super Kings,12.0,,RA Jadeja,2015,1
829799,2015,2015-05-11,"Rajiv Gandhi International Stadium, Uppal",Hyderabad,Sunrisers Hyderabad,Kings XI Punjab,Sunrisers Hyderabad,bat,Sunrisers Hyderabad,5.0,,DA Warner,2015,1
829801,2015,2015-05-12,Shaheed Veer Narayan Singh International Stadium,Raipur,Delhi Daredevils,Chennai Super Kings,Chennai Super Kings,bat,Delhi Daredevils,,6.0,Z Khan,2015,0
829803,2015,2015-05-13,"Punjab Cricket Association Stadium, Mohali",Chandigarh,Kings XI Punjab,Royal Challengers Bangalore,Royal Challengers Bangalore,field,Kings XI Punjab,22.0,,AR Patel,2015,0
829805,2015,2015-05-14,Wankhede Stadium,Mumbai,Mumbai Indians,Kolkata Knight Riders,Kolkata Knight Riders,field,Mumbai Indians,5.0,,HH Pandya,2015,0
829807,2015,2015-05-15,"Rajiv Gandhi International Stadium, Uppal",Hyderabad,Sunrisers Hyderabad,Royal Challengers Bangalore,Sunrisers Hyderabad,bat,Royal Challengers Bangalore,,6.0,V Kohli,2015,0
829809,2015,2015-05-16,"Punjab Cricket Association Stadium, Mohali",Chandigarh,Kings XI Punjab,Chennai Super Kings,Kings XI Punjab,bat,Chennai Super Kings,,7.0,P Negi,2015,0
829811,2015,2015-05-16,Brabourne Stadium,Mumbai,Rajasthan Royals,Kolkata Knight Riders,Rajasthan Royals,bat,Rajasthan Royals,9.0,,SR Watson,2015,1
829813,2015,2015-05-17,M Chinnaswamy Stadium,Bangalore,Royal Challengers Bangalore,Delhi Daredevils,Royal Challengers Bangalore,field,,,,,2015,0
829815,2015,2015-05-17,"Rajiv Gandhi International Stadium, Uppal",Hyderabad,Sunrisers Hyderabad,Mumbai Indians,Sunrisers Hyderabad,bat,Mumbai Indians,,9.0,MJ McClenaghan,2015,0
829817,2015,2015-05-19,Wankhede Stadium,Mumbai,Chennai Super Kings,Mumbai Indians,Mumbai Indians,bat,Mumbai Indians,25.0,,KA Pollard,2015,1
829819,2015,2015-05-20,Maharashtra Cricket Association Stadium,Pune,Royal Challengers Bangalore,Rajasthan Royals,Royal Challengers Bangalore,bat,Royal Challengers Bangalore,71.0,,AB de Villiers,2015,1
829821,2015,2015-05-22,JSCA International Stadium Complex,Ranchi,Chennai Super Kings,Royal Challengers Bangalore,Chennai Super Kings,field,Chennai Super Kings,,3.0,A Nehra,2015,1
829823,2015,2015-05-24,Eden Gardens,Kolkata,Mumbai Indians,Chennai Super Kings,Chennai Super Kings,field,Mumbai Indians,41.0,,RG Sharma,2015,0
980901,2016,2016-04-09,Wankhede Stadium,Mumbai,Mumbai Indians,Rising Pune Supergiants,Mumbai Indians,bat,Rising Pune Supergiants,,9.0,AM Rahane,2016,0
980903,2016,2016-04-10,Eden Gardens,Kolkata,Kolkata Knight Riders,Delhi Daredevils,Kolkata Knight Riders,field,Kolkata Knight Riders,,9.0,AD Russell,2016,1
980905,2016,2016-04-11,"Punjab Cricket Association IS Bindra Stadium, Mohali",Chandigarh,Kings XI Punjab,Gujarat Lions,Gujarat Lions,field,Gujarat Lions,,5.0,AJ Finch,2016,1
980907,2016,2016-04-12,M Chinnaswamy Stadium,Bangalore,Royal Challengers Bangalore,Sunrisers Hyderabad,Sunrisers Hyderabad,field,Royal Challengers Bangalore,45.0,,AB de Villiers,2016,0
980909,2016,2016-04-13,Eden Gardens,Kolkata,Kolkata Knight Riders,Mumbai Indians,Mumbai Indians,field,Mumbai Indians,,6.0,RG Sharma,2016,1
980911,2016,2016-04-14,Saurashtra Cricket Association Stadium,Rajkot,Gujarat Lions,Rising Pune Supergiants,Rising Pune Supergiants,bat,Gujarat Lions,,7.0,AJ Finch,2016,0
980913,2016,2016-04-15,Feroz Shah Kotla,Delhi,Delhi Daredevils,Kings XI Punjab,Delhi Daredevils,field,Delhi Daredevils,,8.0,A Mishra,2016,1
980915,2016,2016-04-16,"Rajiv Gandhi International Stadium, Uppal",Hyderabad,Sunrisers Hyderabad,Kolkata Knight Riders,Sunrisers Hyderabad,bat,Kolkata Knight Riders,,8.0,G Gambhir,2016,0
980917,2016,2016-04-16,Wankhede Stadium,Mumbai,Mumbai Indians,Gujarat Lions,Gujarat Lions,field,Gujarat Lions,,3.0,AJ Finch,2016,1
980919,2016,2016-04-17,"Punjab Cricket Association IS Bindra Stadium, Mohali",Chandigarh,Kings XI Punjab,Rising Pune Supergiants,Rising Pune Supergiants,bat,Kings XI Punjab,,6.0,M Vohra,2016,0
980921,2016,2016-04-17,M Chinnaswamy Stadium,Bangalore,Royal Challengers Bangalore,Delhi Daredevils,Delhi Daredevils,field,Delhi Daredevils,,7.0,Q de Kock,2016,1
980923,2016,2016-04-18,"Rajiv Gandhi International Stadium, Uppal",Hyderabad,Sunrisers Hyderabad,Mumbai Indians,Sunrisers Hyderabad,field,Sunrisers Hyderabad,,7.0,DA Warner,2016,1
980925,2016,2016-04-19,"Punjab Cricket Association IS Bindra Stadium, Mohali",Chandigarh,Kings XI Punjab,Kolkata Knight Riders,Kolkata Knight Riders,field,Kolkata Knight Riders,,6.0,RV Uthappa,2016,1
980927,2016,2016-04-20,Wankhede Stadium,Mumbai,Mumbai Indians,Royal Challengers Bangalore,Mumbai Indians,field,Mumbai Indians,,6.0,RG Sharma,2016,1
980929,2016,2016-04-21,Saurashtra Cricket Association Stadium,Rajkot,Gujarat Lions,Sunrisers Hyderabad,Sunrisers Hyderabad,field,Sunrisers Hyderabad,,10.0,B Kumar,2016,1
980931,2016,2016-04-22,Maharashtra Cricket Association Stadium,Pune,Rising Pune Supergiants,Royal Challengers Bangalore,Rising Pune Supergiants,field,Royal Challengers Bangalore,13.0,,AB de Villiers,2016,0
980933,2016,2016-04-23,Feroz Shah Kotla,Delhi,Delhi Daredevils,Mumbai Indians,Mumbai Indians,field,Delhi Daredevils,10.0,,SV Samson,2016,0
980935,2016,2016-04-23,"Rajiv Gandhi International Stadium, Uppal",Hyderabad,Sunrisers Hyderabad,Kings XI Punjab,Sunrisers Hyderabad,field,Sunrisers Hyderabad,,5.0,Mustafizur Rahman,2016,1
980937,2016,2016-04-24,Saurashtra Cricket Association Stadium,Rajkot,Gujarat Lions,Royal Challengers Bangalore,Royal Challengers Bangalore,bat,Gujarat Lions,,6.0,V Kohli,2016,0
980939,2016,2016-04-24,Maharashtra Cricket Association Stadium,Pune,Rising Pune Supergiants,Kolkata Knight Riders,Kolkata Knight Riders,field,Kolkata Knight Riders,,2.0,SA Yadav,2016,1
980941,2016,2016-04-25,"Punjab Cricket Association IS Bindra Stadium, Mohali",Chandigarh,Kings XI Punjab,Mumbai Indians,Kings XI Punjab,field,Mumbai Indians,25.0,,PA Patel,2016,0
980943,2016,2016-04-26,"Rajiv Gandhi International Stadium, Uppal",Hyderabad,Sunrisers Hyderabad,Rising Pune Supergiants,Rising Pune Supergiants,field,Rising Pune Supergiants,34.0,,AB Dinda,2016,1
980945,2016,2016-04-27,Feroz Shah Kotla,Delhi,Delhi Daredevils,Gujarat Lions,Delhi Daredevils,field,Gujarat Lions,1.0,,CH Morris,2016,0
980947,2016,2016-04-28,Wankhede Stadium,Mumbai,Mumbai Indians,Kolkata Knight Riders,Mumbai Indians,field,Mumbai Indians,,6.0,RG Sharma,2016,1
980949,2016,2016-04-29,Maharashtra Cricket Association Stadium,Pune,Rising Pune Supergiants,Gujarat Lions,Gujarat Lions,field,Gujarat Lions,,3.0,DR Smith,2016,1
980951,2016,2016-04-30,Feroz Shah Kotla,Delhi,Delhi Daredevils,Kolkata Knight Riders,Kolkata Knight Riders,field,Delhi Daredevils,27.0,,CR Brathwaite,2016,0
980953,2016,2016-04-30,"Rajiv Gandhi International Stadium, Uppal",Hyderabad,Sunrisers Hyderabad,Royal Challengers Bangalore,Royal Challengers Bangalore,field,Sunrisers Hyderabad,15.0,,DA Warner,2016,0
980955,2016,2016-05-01,Saurashtra Cricket Association Stadium,Rajkot,Gujarat Lions,Kings XI Punjab,Gujarat Lions,field,Kings XI Punjab,23.0,,AR Patel,2016,0
980957,2016,2016-05-01,Maharashtra Cricket Association Stadium,Pune,Rising Pune Supergiants,Mumbai Indians,Mumbai Indians,field,Mumbai Indians,,8.0,RG Sharma,2016,1
980959,2016,2016-05-02,M Chinnaswamy Stadium,Bangalore,Royal Challengers Bangalore,Kolkata Knight Riders,Kolkata Knight Riders,field,Kolkata Knight Riders,,5.0,AD Russell,2016,1
980961,2016,2016-05-03,Saurashtra Cricket Association Stadium,Rajkot,Gujarat Lions,Delhi Daredevils,Delhi Daredevils,field,Delhi Daredevils,,8.0,RR Pant,2016,1
980963,2016,2016-05-04,Eden Gardens,Kolkata,Kolkata Knight Riders,Kings XI Punjab,Kings XI Punjab,field,Kolkata Knight Riders,7.0,,AD Russell,2016,0
980965,2016,2016-05-05,Feroz Shah Kotla,Delhi,Delhi Daredevils,Rising Pune Supergiants,Rising Pune Supergiants,field,Rising Pune Supergiants,,7.0,AM Rahane,2016,1
980967,2016,2016-05-06,"Rajiv Gandhi International Stadium, Uppal",Hyderabad,Sunrisers Hyderabad,Gujarat Lions,Sunrisers Hyderabad,field,Sunrisers Hyderabad,,5.0,B Kumar,2016,1
980969,2016,2016-05-07,M Chinnaswamy Stadium,Bangalore,Royal Challengers Bangalore,Rising Pune Supergiants,Royal Challengers Bangalore,field,Royal Challengers Bangalore,,7.0,V Kohli,2016,1
980971,2016,2016-05-07,"Punjab Cricket Association IS Bindra Stadium, Mohali",Chandigarh,Kings XI Punjab,Delhi Daredevils,Delhi Daredevils,field,Kings XI Punjab,9.0,,MP Stoinis,2016,0
980973,2016,2016-05-08,Dr. Y.S. Rajasekhara Reddy ACA-VDCA Cricket Stadium,Visakhapatnam,Mumbai Indians,Sunrisers Hyderabad,Mumbai Indians,field,Sunrisers Hyderabad,85.0,,A Nehra,2016,0
980975,2016,2016-05-08,Eden Gardens,Kolkata,Kolkata Knight Riders,Gujarat Lions,Gujarat Lions,field,Gujarat Lions,,5.0,P Kumar,2016,1
980977,2016,2016-05-09,"Punjab Cricket Association IS Bindra Stadium, Mohali",Chandigarh,Kings XI Punjab,Royal Challengers Bangalore,Kings XI Punjab,field,Royal Challengers Bangalore,1.0,,SR Watson,2016,0
980979,2016,2016-05-10,Dr. Y.S. Rajasekhara Reddy ACA-VDCA Cricket Stadium,Visakhapatnam,Rising Pune Supergiants,Sunrisers Hyderabad,Sunrisers Hyderabad,bat,Sunrisers Hyderabad,4.0,,A Zampa,2016,1
980981,2016,2016-05-11,M Chinnaswamy Stadium,Bangalore,Royal Challengers Bangalore,Mumbai Indians,Mumbai Indians,field,Mumbai Indians,,6.0,KH Pandya,2016,1
980983,2016,2016-05-12,"Rajiv Gandhi International Stadium, Uppal",Hyderabad,Sunrisers Hyderabad,Delhi Daredevils,Delhi Daredevils,field,Delhi Daredevils,,7.0,CH Morris,2016,1
980985,2016,2016-05-13,Dr. Y.S. Rajasekhara Reddy ACA-VDCA Cricket Stadium,Visakhapatnam,Mumbai Indians,Kings XI Punjab,Mumbai Indians,bat,Kings XI Punjab,,7.0,MP Stoinis,2016,0
980987,2016,2016-05-14,M Chinnaswamy Stadium,Bangalore,Royal Challengers Bangalore,Gujarat Lions,Gujarat Lions,field,Royal Challengers Bangalore,144.0,,AB de Villiers,2016,0
980989,2016,2016-05-14,Eden Gardens,Kolkata,Kolkata Knight Riders,Rising Pune Supergiants,Rising Pune Supergiants,bat,Kolkata Knight Riders,,8.0,YK Pathan,2016,0
980991,2016,2016-05-15,"Punjab Cricket Association IS Bindra Stadium, Mohali",Chandigarh,Kings XI Punjab,Sunrisers Hyderabad,Kings XI Punjab,bat,Sunrisers Hyderabad,,7.0,HM Amla,2016,0
980993,2016,2016-05-15,Dr. Y.S. Rajasekhara Reddy ACA-VDCA Cricket Stadium,Visakhapatnam,Mumbai Indians,Delhi Daredevils,Delhi Daredevils,field,Mumbai Indians,80.0,,KH Pandya,2016,0
980995,2016,2016-05-16,Eden Gardens,Kolkata,Kolkata Knight Riders,Royal Challengers Bangalore,Royal Challengers Bangalore,field,Royal Challengers Bangalore,,9.0,V Kohli,2016,1
980997,2016,2016-05-17,Dr. Y.S. Rajasekhara Reddy ACA-VDCA Cricket Stadium,Visakhapatnam,Rising Pune Supergiants,Delhi Daredevils,Rising Pune Supergiants,field,Rising Pune Supergiants,19.0,,AB Dinda,2016,1
980999,2016,2016-05-18,M Chinnaswamy Stadium,Bangalore,Royal Challengers Bangalore,Kings XI Punjab,Kings XI Punjab,field,Royal Challengers Bangalore,82.0,,V Kohli,2016,0
981001,2016,2016-05-19,Green Park,Kanpur,Gujarat Lions,Kolkata Knight Riders,Gujarat Lions,field,Gujarat Lions,,6.0,DR Smith,2016,1
981003,2016,2016-05-20,Shaheed Veer Narayan Singh International Stadium,Raipur,Delhi Daredevils,Sunrisers Hyderabad,Delhi Daredevils,field,Delhi Daredevils,,6.0,KK Nair,2016,1
981005,2016,2016-05-21,Dr. Y.S. Rajasekhara Reddy ACA-VDCA Cricket Stadium,Visakhapatnam,Rising Pune Supergiants,Kings XI Punjab,Kings XI Punjab,bat,Rising Pune Supergiants,,4.0,MS Dhoni,2016,0
981007,2016,2016-05-21,Green Park,Kanpur,Gujarat Lions,Mumbai Indians,Gujarat Lions,field,Gujarat Lions,,6.0,SK Raina,2016,1
981009,2016,2016-05-22,Eden Gardens,Kolkata,Kolkata Knight Riders,Sunrisers Hyderabad,Sunrisers Hyderabad,field,Kolkata Knight Riders,22.0,,YK Pathan,2016,0
981011,2016,2016-05-22,Shaheed Veer Narayan Singh International Stadium,Raipur,Delhi Daredevils,Royal Challengers Bangalore,Royal Challengers Bangalore,field,Royal Challengers Bangalore,,6.0,V Kohli,2016,1
981013,2016,2016-05-24,M Chinnaswamy Stadium,Bangalore,Gujarat Lions,Royal Challengers Bangalore,Royal Challengers Bangalore,field,Royal Challengers Bangalore,,4.0,AB de Villiers,2016,1
981015,2016,2016-05-25,Feroz Shah Kotla,Delhi,Sunrisers Hyderabad,Kolkata Knight Riders,Kolkata Knight Riders,field,Sunrisers Hyderabad,22.0,,MC Henriques,2016,0
981017,2016,2016-05-27,Feroz Shah Kotla,Delhi,Gujarat Lions,Sunrisers Hyderabad,Sunrisers Hyderabad,field,Sunrisers Hyderabad,,4.0,DA Warner,2016,1
981019,2016,2016-05-29,M Chinnaswamy Stadium,Bangalore,Royal Challengers Bangalore,Sunrisers Hyderabad,Sunrisers Hyderabad,bat,Sunrisers Hyderabad,8.0,,BCJ Cutting,2016,1
